item_code,item_name,manufacturer,description,quantity,unit_of_measure
1,GOOD PHARM - שקית אל בד גדול,לא ידוע,GOOD PHARM - שקית אל בד גדול,1,1 יח'
1025,הנחת קופון האגיס ערכת הריון ולידה,לא ידוע,הנחת קופון האגיס ערכת הריון ולידה,1,1 יח'
42207443,"ניוואה - סופט קרם רב שימושי 50 מ""ל",לא ידוע,"ניוואה - סופט קרם רב שימושי 50 מ""ל",50,"100 מ""ל"
42246640,"ניוואה - דאודורנט רול און לאישה פאודר טאצ' 50 מ""ל",לא ידוע,"ניוואה - דאודורנט רול און לאישה פאודר טאצ' 50 מ""ל",50,"100 מ""ל"
60017505,"דאב - דאודורנט רול און לאישה מלפפונים ופרש טי 50 מ""ל",לא ידוע,"דאב - דאודורנט רול און לאישה מלפפונים ופרש טי 50 מ""ל",50,"100 מ""ל"
72909768,עלית - חטיף פסק זמן פור פליי 40 גרם,שטראוס גרופ,עלית - חטיף פסק זמן פור פליי 40 גרם,40,100 גרם
72917329,עלית - חטיף אגוזי 45 גרם,שטראוס גרופ,עלית - חטיף אגוזי 45 גרם,45,100 גרם
72917589,עלית - חטיף מקופלת 25 גרם,שטראוס גרופ,עלית - חטיף מקופלת 25 גרם,25,100 גרם
72991008,עלית - חטיף פסק זמן 45 גרם,שטראוס גרופ,עלית - חטיף פסק זמן 45 גרם,45,100 גרם
80135876,נוטלה - ממרח אגוזי לוז עם קקאו 400 גרם,פררו תעשיות איטליה ס.ר.ל.,נוטלה - ממרח אגוזי לוז עם קקאו 400 גרם,400,100 גרם
80136194,קינדר - הפי היפו אגוזי לוז 20.7 גרם * חמישייה,פררו תעשיות איטליה ס.ר.ל.,קינדר - הפי היפו אגוזי לוז 20.7 גרם * חמישייה,103.5,100 גרם
80831402,"מנטוס - סוכריות קלין ברט בטעם מנטה עדינה 21 גרם לל""ס כשל""פ",פרפטי ואן מילה,"מנטוס - סוכריות קלין ברט בטעם מנטה עדינה 21 גרם לל""ס כשל""פ",21,100 גרם
80986348,"מנטוס - בקבוקון פיור וייט מנטוס בטעם מנטה 60 גרם לל""ס","פרפטי ואן מלה ג'ידה,סאן וה טיק מרקז מאך","מנטוס - בקבוקון פיור וייט מנטוס בטעם מנטה 60 גרם לל""ס",60,100 גרם
16000548404,נייטשר ואלי - קראנצ'י שיבולת שועל דבש 42 גרם * חמישייה,ג'נרל מילס סאן אדריאן,נייטשר ואלי - קראנצ'י שיבולת שועל דבש 42 גרם * חמישייה,210,100 גרם
33984003101,"סולגאר - ביוטין 1000 מ""ג 50 כמוסות","סולגאר בע""מ","סולגאר - ביוטין 1000 מ""ג 50 כמוסות",50,1 יח'
38000232176,פרינגלס - שמנת בצל 158 גרם,לא ידוע,פרינגלס - שמנת בצל 158 גרם,158,100 גרם
50000100347,"פורינה - פריסקיז מזון לחתול מועשר בחלב 1.43 ק""ג",לא ידוע,"פורינה - פריסקיז מזון לחתול מועשר בחלב 1.43 ק""ג",1430,100 גרם
305210437371,וזלין - מיני לשפתיים ורוד,"יוניליוור ארה""ב",וזלין - מיני לשפתיים ורוד,1,1 יח'
305213079004,"וזלין - תחליב גוף לחות מזינה מונע יובש 600 מ""ל","יוניליוור ארה""ב","וזלין - תחליב גוף לחות מזינה מונע יובש 600 מ""ל",600,"100 מ""ל"
651080161510,פלאקרס - קיסם עם חוט דנטלי פלוסר 35 יח',רניר-אומגה,פלאקרס - קיסם עם חוט דנטלי פלוסר 35 יח',35,1 יח'
651080647519,פלאקרס - קיסם עם חוט דנטלי מנטה 36 יח',רניר-אומגה,פלאקרס - קיסם עם חוט דנטלי מנטה 36 יח',36,1 יח'
693493104838,"GOOD PHARM - אגד חבישה מתמתח רוחב 5 ס""מ 5 יח'",לא ידוע,"GOOD PHARM - אגד חבישה מתמתח רוחב 5 ס""מ 5 יח'",5,1 יח'
693493104951,GOOD PHARM - פדים קוסמטיים להסרת איפור 80 יח' שלישייה,לא ידוע,GOOD PHARM - פדים קוסמטיים להסרת איפור 80 יח' שלישייה,240,1 יח'
693493105033,GOOD PHARM - ספוג רחצה עגול,"הי, לימיטד. בע""מ",GOOD PHARM - ספוג רחצה עגול,1,1 יח'
693493105101,GOOD PHARM - סכיני גילוח שקית 10 יח',"אן. הייץ, רייזור, לימיטד",GOOD PHARM - סכיני גילוח שקית 10 יח',10,1 יח'
693493105323,"GOOD PHARM - פד סטרילי דביק 10*10 ס""מ 5 יח'",לא ידוע,"GOOD PHARM - פד סטרילי דביק 10*10 ס""מ 5 יח'",5,1 יח'
693493105439,GOOD PHARM - קיסמי מברשת סיליקון לשיניים 30 יח',"וין טרייד, אל.טי.די",GOOD PHARM - קיסמי מברשת סיליקון לשיניים 30 יח',30,1 יח'
693493105538,GOOD PHARM - משטחי החתלה מאויירים 10 יח',לא ידוע,GOOD PHARM - משטחי החתלה מאויירים 10 יח',10,1 יח'
693493105651,GOOD PHARM - רצועות שעווה לגוף אלוורה 20 יח',לא ידוע,GOOD PHARM - רצועות שעווה לגוף אלוורה 20 יח',20,1 יח'
693493105668,GOOD PHARM - רצועות שעווה לפנים אלוורה 20 יח',לא ידוע,GOOD PHARM - רצועות שעווה לפנים אלוורה 20 יח',20,1 יח'
799439301368,"אקסלנס - שמפו לחפיפה וצביעה לשיער שחור 500 מ""ל",גיוואיסי,"אקסלנס - שמפו לחפיפה וצביעה לשיער שחור 500 מ""ל",500,"100 מ""ל"
3014260294250,ג'ילט - בלו 2 פלוס סכיני גילוח חד פעמי 6 יח',פרוקטר אנד גמבל,ג'ילט - בלו 2 פלוס סכיני גילוח חד פעמי 6 יח',6,1 יח'
3034250007813,קלינקס - ממחטות טישו כיס תריסר,קימברלי קלארק איטליה,קלינקס - ממחטות טישו כיס תריסר,12,1 יח'
3059944021197,"ויט - קרם להסרת שיער לעור רגיש 400 מ""ל",RECKITT BENCKISER CHARTRES,"ויט - קרם להסרת שיער לעור רגיש 400 מ""ל",400,"100 מ""ל"
3355991003019,"בוגארט - Silver Scent Intense א.ד.ט לגבר 100 מ""ל",BOGART GROUP,"בוגארט - Silver Scent Intense א.ד.ט לגבר 100 מ""ל",100,"100 מ""ל"
3386461515671,"לנווין - Eclat D'arpege א.ד.פ לאישה 100 מ""ל",לא ידוע,"לנווין - Eclat D'arpege א.ד.פ לאישה 100 מ""ל",100,"100 מ""ל"
3504105024932,"מוסטלה - משחת החתלה 100 מ""ל",לא ידוע,"מוסטלה - משחת החתלה 100 מ""ל",100,"100 מ""ל"
3574661552576,קרפרי - קוטון פלקסיפורם מגן תחתון רגיל טנגה ללא בישום 56 יח',JNTL Consumer Health I (Switzerland,קרפרי - קוטון פלקסיפורם מגן תחתון רגיל טנגה ללא בישום 56 יח',56,1 יח'
3574661561226,"ליסטרין - מי פה אדוונס 600 מ""ל",לא ידוע,"ליסטרין - מי פה אדוונס 600 מ""ל",600,"100 מ""ל"
3574661610344,"ניוטרוג'ינה - קרם לחות אינטנסיבי 300 מ""ל",JNTL Consumer Health I (Switzerland,"ניוטרוג'ינה - קרם לחות אינטנסיבי 300 מ""ל",300,"100 מ""ל"
3600523985326,"לוריאל - רויטליפט לייזר x3 קרם יום 50 מ""ל SPF25",לא ידוע,"לוריאל - רויטליפט לייזר x3 קרם יום 50 מ""ל SPF25",50,"100 מ""ל"
3600524163075,"לוריאל - אלביב שמפו Hydra Hyaluronic ממלא בלחות עד 72 שעות 500 מ""ל",RAMBOUILLET,"לוריאל - אלביב שמפו Hydra Hyaluronic ממלא בלחות עד 72 שעות 500 מ""ל",500,"100 מ""ל"
3600524163198,"לוריאל - אלביב מרכך Color Protect מטפח ומגן על צבע השיער 500 מ""ל",RAMBOUILLET,"לוריאל - אלביב מרכך Color Protect מטפח ומגן על צבע השיער 500 מ""ל",500,"100 מ""ל"
3600524166694,"לוריאל - אלביב שמפו Hydra Pure מטהר עד 72 שעות 500 מ""ל",RAMBOUILLET,"לוריאל - אלביב שמפו Hydra Pure מטהר עד 72 שעות 500 מ""ל",500,"100 מ""ל"
3600524167097,"לוריאל - אלביב שמפו Color Protect מטפח ושומר על צבע השיער 500 מ""ל",RAMBOUILLET,"לוריאל - אלביב שמפו Color Protect מטפח ושומר על צבע השיער 500 מ""ל",500,"100 מ""ל"
3600524230456,"לוריאל - אלביב שמפו גליקוליק גלוס מעצים ברק 500 מ""ל",RAMBOUILLET,"לוריאל - אלביב שמפו גליקוליק גלוס מעצים ברק 500 מ""ל",500,"100 מ""ל"
3600524244842,"לוריאל - אלביב מסכה לשיער קולור פרוטקט 300 מ""ל",מיוצר באיחוד האירופי,"לוריאל - אלביב מסכה לשיער קולור פרוטקט 300 מ""ל",300,"100 מ""ל"
3600524246907,"לוריאל - אלביב מסכה לשיער גליקוליק גלוס 300 מ""ל",מיוצר באיחוד האירופי,"לוריאל - אלביב מסכה לשיער גליקוליק גלוס 300 מ""ל",300,"100 מ""ל"
3600531143459,מייבלין - מסקרה לאש שחור,לא ידוע,מייבלין - מסקרה לאש שחור,1,1 יח'
3600531511630,אססי - טיפול APRICOT,לא ידוע,אססי - טיפול APRICOT,1,1 יח'
3600531511654,אססי - טיפול 3 ב-1,לא ידוע,אססי - טיפול 3 ב-1,1,1 יח'
3600542052788,"גרנייה - בוטניקל חלב פנים ורדים 200 מ""ל",לא ידוע,"גרנייה - בוטניקל חלב פנים ורדים 200 מ""ל",200,"100 מ""ל"
3600542385329,גרנייה - מסכת טישו מסק תה ירוק,לא ידוע,גרנייה - מסכת טישו מסק תה ירוק,1,1 יח'
3600542431910,גרנייה - קולור נטורלס 2.1 שחור כחול,לא ידוע,גרנייה - קולור נטורלס 2.1 שחור כחול,1,1 יח'
3600542591522,גרנייה - אוליה צבע שיער ללא אמוניה 3.0 חום שחור,איחוד אירופי,גרנייה - אוליה צבע שיער ללא אמוניה 3.0 חום שחור,1,1 יח'
3614223113347,"קלואה - Nomade א.ד.פ לאישה 75 מ""ל",לא ידוע,"קלואה - Nomade א.ד.פ לאישה 75 מ""ל",75,"100 מ""ל"
3838824127248,פאלטה - אינטנסיב 5-0 חום בהיר,לא ידוע,פאלטה - אינטנסיב 5-0 חום בהיר,1,1 יח'
3838824171241,פאלטה - נטורלס 8-0 בלונד בהיר,לא ידוע,פאלטה - נטורלס 8-0 בלונד בהיר,1,1 יח'
3838824171289,פאלטה - נטורלס 7-0 בלונד בינוני,לא ידוע,פאלטה - נטורלס 7-0 בלונד בינוני,1,1 יח'
3838824414492,פאלטה - אינטנסיב 6-88 אדום בוער,לא ידוע,פאלטה - אינטנסיב 6-88 אדום בוער,1,1 יח'
4000417222008,"ריטר - שוקולד חלב עם שברי אגוזי לוז 100 גרם כשל""פ",אלפרד ריטר,"ריטר - שוקולד חלב עם שברי אגוזי לוז 100 גרם כשל""פ",100,100 גרם
4005808368280,לבלו - שפתון דובדבן בליסטר,לא ידוע,לבלו - שפתון דובדבן בליסטר,1,1 יח'
4005808502004,לבלו - שפתון סופט ורוד בליסטר,לא ידוע,לבלו - שפתון סופט ורוד בליסטר,1,1 יח'
4005808828838,"ניוואה - דאו ספריי 150 מ""ל לגבר קול קיק 150 מ""ל",לא ידוע,"ניוואה - דאו ספריי 150 מ""ל לגבר קול קיק 150 מ""ל",150,"100 מ""ל"
4005808837359,"ניוואה - דאודורנט רול און לאישה פרל אנד ביוטי 50 מ""ל",לא ידוע,"ניוואה - דאודורנט רול און לאישה פרל אנד ביוטי 50 מ""ל",50,"100 מ""ל"
4005900036506,"ניוואה - דאודורנט רול און לגבר שקוף בלק 50 מ""ל",לא ידוע,"ניוואה - דאודורנט רול און לגבר שקוף בלק 50 מ""ל",50,"100 מ""ל"
4005900273482,לבלו - שפתון אוכמניות בליסטר,לא ידוע,לבלו - שפתון אוכמניות בליסטר,1,1 יח'
4005900485243,"ניוואה - דאודורנט רול און לגבר דריי פרש 50 מ""ל",לא ידוע,"ניוואה - דאודורנט רול און לגבר דריי פרש 50 מ""ל",50,"100 מ""ל"
4005900494900,"ניוואה - דאו ספריי 150 מ""ל לגבר דריי פרש 150 מ""ל",לא ידוע,"ניוואה - דאו ספריי 150 מ""ל לגבר דריי פרש 150 מ""ל",150,"100 מ""ל"
4005900513069,"ניוואה - דאודורנט רול און לגבר דיפ 50 מ""ל",לא ידוע,"ניוואה - דאודורנט רול און לגבר דיפ 50 מ""ל",50,"100 מ""ל"
4005900747976,"ניוואה - תחליב רחצה וטיפוח קוקוס ושמן חוחובה 500 מ""ל",ביירסדורף,"ניוואה - תחליב רחצה וטיפוח קוקוס ושמן חוחובה 500 מ""ל",500,"100 מ""ל"
4006387144715,בריטה - שלישיית פילטרים מקסטרה פרו מומחה הפחתת אבנית,לא ידוע,בריטה - שלישיית פילטרים מקסטרה פרו מומחה הפחתת אבנית,3,1 יח'
4008400170428,פררו - בונבוניירה לב 125 גרם,פררו תעשיות איטליה ס.ר.ל.,פררו - בונבוניירה לב 125 גרם,125,100 גרם
4008600398523,"נוק - אקשן קאפ כוס מעבר ורוד 230 מ""ל",NEWELL BRANDS GERMANY GMBH (MAPA),"נוק - אקשן קאפ כוס מעבר ורוד 230 מ""ל",1,1 יח'
4009900402965,"אורביט - בקבוקון וויט בטעם פירות 64 גרם לל""ס",לא ידוע,"אורביט - בקבוקון וויט בטעם פירות 64 גרם לל""ס",64,100 גרם
4009900403023,"אורביט - בקבוקון וויט קלאסי בטעם מנטה 64 גרם לל""ס",לא ידוע,"אורביט - בקבוקון וויט קלאסי בטעם מנטה 64 גרם לל""ס",64,100 גרם
4009900420198,אורביט - בקבוקון בטעם אבטיח 64 גרם,לא ידוע,אורביט - בקבוקון בטעם אבטיח 64 גרם,64,100 גרם
4009900585644,סקיטלס - סוכריות קינוחים 152 גרם,מרס ריגלי,סקיטלס - סוכריות קינוחים 152 גרם,152,100 גרם
4014400920857,"וורטר - סוכריות שוקולד בשקית 70 גרם לל""ס",שטורק,"וורטר - סוכריות שוקולד בשקית 70 גרם לל""ס",70,100 גרם
4045787068375,אינדולה - פרוטאין צבע 6 בלונד כהה,לא ידוע,אינדולה - פרוטאין צבע 6 בלונד כהה,1,1 יח'
4059729276759,קטריס - עיפרון תוחם שפתיים גוון 100,לא ידוע,קטריס - עיפרון תוחם שפתיים גוון 100,1,1 יח'
4059729419293,"קטריס - מייק אפ לכיסוי קליל גוון 010 30 מ""ל",לא ידוע,"קטריס - מייק אפ לכיסוי קליל גוון 010 30 מ""ל",30,"100 מ""ל"
4059729514462,קטריס - איילינר עמיד במים גוון 010,קוסנובה,קטריס - איילינר עמיד במים גוון 010,1,1 יח'
4059729523693,קטריס - ברונזר קרם במרקם מט C02,קוסנובה,קטריס - ברונזר קרם במרקם מט C02,1,1 יח'
4059729541123,קטריס - Pillow Like Matte ליפ מוס 010,קוסנובה,קטריס - Pillow Like Matte ליפ מוס 010,1,1 יח'
4059729541307,קטריס - Gloss Obsessed שפתון גלייז 020,קוסנובה,קטריס - Gloss Obsessed שפתון גלייז 020,1,1 יח'
4059729587961,קטריס - פודרה מטשטשת בגימור מט גוון 030W,קוסנובה,קטריס - פודרה מטשטשת בגימור מט גוון 030W,1,1 יח'
4059729594440,קטריס - פודרה מטשטשת בגימור מט גוון 040W,קוסנובה,קטריס - פודרה מטשטשת בגימור מט גוון 040W,1,1 יח'
4064666847900,"וולה - פלקס ספריי לשיער חזק במיוחד מלא ברק 250 מ""ל",WELLAFLEX,"וולה - פלקס ספריי לשיער חזק במיוחד מלא ברק 250 מ""ל",250,"100 מ""ל"
4250947543726,קטריס - מעגל ריסים,לא ידוע,קטריס - מעגל ריסים,1,1 יח'
4250947562277,קטריס - מסקרה מעוקלת גלאם אנד דול שחורה גוון 010,לא ידוע,קטריס - מסקרה מעוקלת גלאם אנד דול שחורה גוון 010,1,1 יח'
4250947598290,קטריס - מייק אפ נוזלי בז' רוז גוון 020,לא ידוע,קטריס - מייק אפ נוזלי בז' רוז גוון 020,1,1 יח'
4987176231543,אורל בי - מברשת שיניים קלאסיק סופט 6 יח',לא ידוע,אורל בי - מברשת שיניים קלאסיק סופט 6 יח',6,1 יח'
5000108478119,קוואקר - פתיתי שיבולת שועל 500 גרם,לא ידוע,קוואקר - פתיתי שיבולת שועל 500 גרם,500,100 גרם
5000204474558,"דאק - פרש דיסק ג'ל בניחוח ים 36 מ""ל",STJ,"דאק - פרש דיסק ג'ל בניחוח ים 36 מ""ל",36,"100 מ""ל"
5000394002463,דורסל - סימפלי סוללות AAA שמינייה,דורסל,דורסל - סימפלי סוללות AAA שמינייה,8,1 יח'
5010724000434,HERO - מדבקות לפצעונים הידרוקולואיד אינביזבל 24 יח',צ'רצ' אנד דוויט,HERO - מדבקות לפצעונים הידרוקולואיד אינביזבל 24 יח',24,1 יח'
5011417576908,"דורקס - ג'ל סיכוך בטעם דובדבן 100 מ""ל",RECKITT BENCKISER CHARTRES,"דורקס - ג'ל סיכוך בטעם דובדבן 100 מ""ל",100,"100 מ""ל"
5029053510828,קוטקס - תחבושות סופר 22 יח',קימברלי קלארק צ'כיה,קוטקס - תחבושות סופר 22 יח',22,1 יח'
5029053523446,קוטקס - תחבושות נייט 16 יח',קימברלי קלארק צ'כיה,קוטקס - תחבושות נייט 16 יח',16,1 יח'
5201178026686,"ניוואה - סאן שמן שיזוף 200 מ""ל SPF6",לא ידוע,"ניוואה - סאן שמן שיזוף 200 מ""ל SPF6",200,"100 מ""ל"
5201263021312,אברי דיי - מגן תחתון חוטיני 30 יח',לא ידוע,אברי דיי - מגן תחתון חוטיני 30 יח',30,1 יח'
5413149655522,"אריאל - אבקת כביסה שושן צחור 1.25 ק""ג",לא ידוע,"אריאל - אבקת כביסה שושן צחור 1.25 ק""ג",1250,100 גרם
5413548280189,קינדר - שוקובונס 125 גרם,פררו תעשיות איטליה ס.ר.ל.,קינדר - שוקובונס 125 גרם,125,100 גרם
5900951310379,סניקרס - חטיף קרימי 50 גרם,לא ידוע,סניקרס - חטיף קרימי 50 גרם,50,100 גרם
5900951314865,M&M's - מיניס שוקולד 225 גרם,מרס ריגלי,M&M's - מיניס שוקולד 225 גרם,225,100 גרם
5901414200411,היט - מיניס קקאו 130 גרם,בלזן,היט - מיניס קקאו 130 גרם,130,100 גרם
5906485301012,"אקסל - משקה אנרגיה 250 מ""ל",לא ידוע,"אקסל - משקה אנרגיה 250 מ""ל",250,"100 מ""ל"
6223013531079,"סנסודיין - משחת שיניים קומפליט 75 מ""ל",לא ידוע,"סנסודיין - משחת שיניים קומפליט 75 מ""ל",75,"100 מ""ל"
6920354835728,קולגייט - מברשת שיניים אופטיק וויט לאוהבי קפה זוג,לא ידוע,קולגייט - מברשת שיניים אופטיק וויט לאוהבי קפה זוג,2,1 יח'
6937266700785,שיק - אינטואיישן סנסיטיב סכיני גילוח שלישייה,לא ידוע,שיק - אינטואיישן סנסיטיב סכיני גילוח שלישייה,3,1 יח'
7290000072753,טסטר צ'ויס - קפה נמס 200 גרם,לא ידוע,טסטר צ'ויס - קפה נמס 200 גרם,200,100 גרם
7290000074184,אוסם - פתי בר בינוני 500 גרם,לא ידוע,אוסם - פתי בר בינוני 500 גרם,500,100 גרם
7290000080765,אוסם - טוסטעים עם שומשום 100 גרם,לא ידוע,אוסם - טוסטעים עם שומשום 100 גרם,100,100 גרם
7290000135151,"טמפו - סודה בטעם למון ליים 275 מ""ל",לא ידוע,"טמפו - סודה בטעם למון ליים 275 מ""ל",275,"100 מ""ל"
7290000188355,ניקול - מגבת נייר רב שימושית 6 גלילים,קימברלי-קלארק,ניקול - מגבת נייר רב שימושית 6 גלילים,6,1 יח'
7290000190853,לילי - נייר טואלט פיור קלין קלאסיק 30 גלילים,קימברלי-קלארק,לילי - נייר טואלט פיור קלין קלאסיק 30 גלילים,30,1 יח'
7290000191539,לילי - ממחטות נייר רכים צבעוני 90 יח' * חמישייה,קימברלי-קלארק,לילי - ממחטות נייר רכים צבעוני 90 יח' * חמישייה,450,1 יח'
7290000195773,האגיס - מגבוני סנסיטיב קר לא מבושם 56 יח' * רביעייה,עלבד משואות יצחק בעמ,האגיס - מגבוני סנסיטיב קר לא מבושם 56 יח' * רביעייה,224,1 יח'
7290000197432,ניקול - שקיות אוכל מדיום 150 יח' * זוג,ויפנג,ניקול - שקיות אוכל מדיום 150 יח' * זוג,300,1 יח'
7290000197463,האגיס - פרידום דריי שלב 4+ 36 יח',קימברלי קלארק ישראל,האגיס - פרידום דריי שלב 4+ 36 יח',36,1 יח'
7290000197548,האגיס - פרידום דריי שלב 5 32 יח',קימברלי קלארק ישראל,האגיס - פרידום דריי שלב 5 32 יח',32,1 יח'
7290000197678,האגיס - פרידום דריי שלב 6 27 יח',קימברלי קלארק ישראל,האגיס - פרידום דריי שלב 6 27 יח',27,1 יח'
7290000204215,ניקול - כריות ניקוי יפניות 6 יח',פלסטופוליש,ניקול - כריות ניקוי יפניות 6 יח',6,1 יח'
7290000245287,"פרסיל - אבקת כביסה קולור 1.25 ק""ג",לא ידוע,"פרסיל - אבקת כביסה קולור 1.25 ק""ג",1250,100 גרם
7290000286297,"סנו - אנטי קאלק מסיר אבנית 700 מ""ל",לא ידוע,"סנו - אנטי קאלק מסיר אבנית 700 מ""ל",700,"100 מ""ל"
7290000287195,"סנו - ספריי לניקוי רהיטים 300 מ""ל",לא ידוע,"סנו - ספריי לניקוי רהיטים 300 מ""ל",300,"100 מ""ל"
7290000288024,סנו ז'אוול - אקונומיקה בריח לימון 4 ליטר,לא ידוע,סנו ז'אוול - אקונומיקה בריח לימון 4 ליטר,4000,"100 מ""ל"
7290000288079,סנו ז'אוול - אקונומיקה לימון 2 ליטר,לא ידוע,סנו ז'אוול - אקונומיקה לימון 2 ליטר,2000,"100 מ""ל"
7290000289595,אורביטול - משחת שיניים לילדים תות שדה 145 גרם,לא ידוע,אורביטול - משחת שיניים לילדים תות שדה 145 גרם,145,100 גרם
7290000292564,"סנו - K2000 ללא ריח 750 מ""ל",לא ידוע,"סנו - K2000 ללא ריח 750 מ""ל",750,"100 מ""ל"
7290000294780,סנו ז'אוול - אקונומיקה סמיכה מבושמת 4 ליטר,לא ידוע,סנו ז'אוול - אקונומיקה סמיכה מבושמת 4 ליטר,4000,"100 מ""ל"
7290000295336,"סנו מקסימה - אבקת כביסה סנסטיב 1.25 ק""ג",לא ידוע,"סנו מקסימה - אבקת כביסה סנסטיב 1.25 ק""ג",1250,100 גרם
7290000467511,אוסם - ביסלי ברביקיו 55 גרם,לא ידוע,אוסם - ביסלי ברביקיו 55 גרם,55,100 גרם
7290000679099,"ד""ר פישר - אפקטיב קר מן ספורט תחליב רחצה 3 ב-1 700 מ""ל",לא ידוע,"ד""ר פישר - אפקטיב קר מן ספורט תחליב רחצה 3 ב-1 700 מ""ל",700,"100 מ""ל"
7290001302279,אוסם - במבה קלאסי 60 גרם,לא ידוע,אוסם - במבה קלאסי 60 גרם,60,100 גרם
7290001439074,מוסקו - כדור ליפה 3 יח',לא ידוע,מוסקו - כדור ליפה 3 יח',3,1 יח'
7290001713884,עלמה - מטליות מיקרופייבר לריצפה 3 יח',לא ידוע,עלמה - מטליות מיקרופייבר לריצפה 3 יח',3,1 יח'
7290002000143,"פנג'ל - קרם ידיים קלאסיק 80 מ""ל","דנלוג אינטרקוסמא בע""מ","פנג'ל - קרם ידיים קלאסיק 80 מ""ל",80,"100 מ""ל"
7290002075271,ריקולה - סוכריות בטעם צמחים שקית 70 גרם,לא ידוע,ריקולה - סוכריות בטעם צמחים שקית 70 גרם,70,100 גרם
7290002130567,יד מרדכי - דבש טהור 350 גרם,שטראוס גרופ,יד מרדכי - דבש טהור 350 גרם,350,100 גרם
7290002342052,GOOD PHARM - משטח לייבוש כלים,לא ידוע,GOOD PHARM - משטח לייבוש כלים,1,1 יח'
7290002349358,GOOD PHARM - ספוג הפלא 6 יח',לא ידוע,GOOD PHARM - ספוג הפלא 6 יח',6,1 יח'
7290002349884,GOOD PHARM - מטליות מיקרופייבר לניקוי כללי 5 יח',לא ידוע,GOOD PHARM - מטליות מיקרופייבר לניקוי כללי 5 יח',5,1 יח'
7290002551003,"סטארקיסט - טונה בשמן 160 גרם כשל""פ",לא ידוע,"סטארקיסט - טונה בשמן 160 גרם כשל""פ",160,100 גרם
7290002814054,סנט מוריץ - אנטרטיק ספריי מסיר אבנית 1 ליטר,לא ידוע,סנט מוריץ - אנטרטיק ספריי מסיר אבנית 1 ליטר,1000,"100 מ""ל"
7290002814580,סנט מוריץ - טורנדו גרגירים לפתיחת סתימות 200 גרם,לא ידוע,סנט מוריץ - טורנדו גרגירים לפתיחת סתימות 200 גרם,200,100 גרם
7290002814603,"סנט מוריץ - מרסס מסיר שומנים קר מבושם לימון 750 מ""ל",לא ידוע,"סנט מוריץ - מרסס מסיר שומנים קר מבושם לימון 750 מ""ל",750,"100 מ""ל"
7290002814870,"סנט מוריץ - מסיר שומנים בניחוח פרחים ולבנדר 750 מ""ל",לא ידוע,"סנט מוריץ - מסיר שומנים בניחוח פרחים ולבנדר 750 מ""ל",750,"100 מ""ל"
7290002814986,סנט מוריץ - דלי מגבונים לחים לניקוי כללי לימון 400 יח',לא ידוע,סנט מוריץ - דלי מגבונים לחים לניקוי כללי לימון 400 יח',400,1 יח'
7290003026197,"ד""ר פישר - קמיל בלו שמן טיפולי 500 מ""ל",לא ידוע,"ד""ר פישר - קמיל בלו שמן טיפולי 500 מ""ל",500,"100 מ""ל"
7290004343095,GOOD PHARM - מברשת תיק מטאלי כחול,לא ידוע,GOOD PHARM - מברשת תיק מטאלי כחול,1,1 יח'
7290004343156,GOOD PHARM - מברשת תיק מטאלי ורוד,לא ידוע,GOOD PHARM - מברשת תיק מטאלי ורוד,1,1 יח'
7290004343590,GOOD PHARM - קליפסים ספרים חום שחור זוג,לא ידוע,GOOD PHARM - קליפסים ספרים חום שחור זוג,2,1 יח'
7290004343774,GOOD PHARM - קליפס בננה,לא ידוע,GOOD PHARM - קליפס בננה,1,1 יח'
7290004343934,GOOD PHARM - סיכות תיק תק שחור 8 יח',לא ידוע,GOOD PHARM - סיכות תיק תק שחור 8 יח',8,1 יח'
7290005084355,"סנסודיין - משחת שיניים דואל קר זהב 75 מ""ל",לא ידוע,"סנסודיין - משחת שיניים דואל קר זהב 75 מ""ל",75,"100 מ""ל"
7290005424403,כיף - סבון ידיים אצות ים 1 ליטר,לא ידוע,כיף - סבון ידיים אצות ים 1 ליטר,1000,"100 מ""ל"
7290005425646,סנו קליר - נוזל לניקוי והברקה 1 ליטר,סנו מפעלי ברונוס,סנו קליר - נוזל לניקוי והברקה 1 ליטר,1000,"100 מ""ל"
7290005427985,"קרמה - תחליב רחצה לפנים פילינג 180 מ""ל",לא ידוע,"קרמה - תחליב רחצה לפנים פילינג 180 מ""ל",180,"100 מ""ל"
7290005591761,יד מרדכי - דבש טהור לחיץ 400 גרם,שטראוס גרופ,יד מרדכי - דבש טהור לחיץ 400 גרם,400,100 גרם
7290006437273,"אלטמן - חומצה פולית 400 מק""ג 200 טבליות","SOMA LABS, INC.","אלטמן - חומצה פולית 400 מק""ג 200 טבליות",200,1 יח'
7290006784322,"סנט מוריץ - תרסיס לניקוי נירוסטה 400 מ""ל",לא ידוע,"סנט מוריץ - תרסיס לניקוי נירוסטה 400 מ""ל",400,"100 מ""ל"
7290006788429,"קרליין - נושם סאן רייס דאודורנט רול און לאישה כתום 75 מ""ל",לא ידוע,"קרליין - נושם סאן רייס דאודורנט רול און לאישה כתום 75 מ""ל",75,"100 מ""ל"
7290008000826,"כצט - משחת שיניים ילדים ברבי 50 מ""ל",כצט,"כצט - משחת שיניים ילדים ברבי 50 מ""ל",50,"100 מ""ל"
7290008068512,בייבי פסטה - קרם החתלה קמומיל 100 גרם,לא ידוע,בייבי פסטה - קרם החתלה קמומיל 100 גרם,100,199 גרם
7290008084956,בייבי פסטה - קרם להחתלה 120 גרם,לא ידוע,בייבי פסטה - קרם להחתלה 120 גרם,120,199 גרם
7290008102377,טאמס - אולטרה פירות יער 160 טבליות,לא ידוע,טאמס - אולטרה פירות יער 160 טבליות,160,1 יח'
7290008464611,"טמפו - מי סודה בגיזוז חזק 275 מ""ל",לא ידוע,"טמפו - מי סודה בגיזוז חזק 275 מ""ל",275,"100 מ""ל"
7290008748384,"עלית - ספלנדיד מריר 70% 100 גרם לל""ג",שטראוס גרופ,"עלית - ספלנדיד מריר 70% 100 גרם לל""ג",100,100 גרם
7290010038947,"פמינה - תחליב רחצה אינטימי פצ'ולי וניל 220 מ""ל",כצט,"פמינה - תחליב רחצה אינטימי פצ'ולי וניל 220 מ""ל",220,"100 מ""ל"
7290010237531,"פפסי - בקבוק 500 מ""ל",לא ידוע,"פפסי - בקבוק 500 מ""ל",500,"100 מ""ל"
7290010237548,"פפסי זירו - בקבוק 500 מ""ל",לא ידוע,"פפסי זירו - בקבוק 500 מ""ל",500,"100 מ""ל"
7290010293575,GOOD PHARM - כוסות נייר לאספרסו 50 יח',לא ידוע,GOOD PHARM - כוסות נייר לאספרסו 50 יח',50,1 יח'
7290010318827,אלטמן - מגנזיום ציטראט 60 כמוסות,"SOMA LABS, INC.",אלטמן - מגנזיום ציטראט 60 כמוסות,60,1 יח'
7290010570737,"אוליב - קרם רגליים מועשר בשמן זית 150 מ""ל",לא ידוע,"אוליב - קרם רגליים מועשר בשמן זית 150 מ""ל",150,"100 מ""ל"
7290010570959,בסט - טישו ממחטות אף רכות ומלטפות עשירייה,לא ידוע,בסט - טישו ממחטות אף רכות ומלטפות עשירייה,10,1 יח'
7290010859283,פניסטיל - ג'ל 30 גרם,לא ידוע,פניסטיל - ג'ל 30 גרם,30,100 גרם
7290011017866,"קוקה קולה - פחית 330 מ""ל",לא ידוע,"קוקה קולה - פחית 330 מ""ל",330,"100 מ""ל"
7290011017873,"קולה קולה - זירו פחית 330 מ""ל",לא ידוע,"קולה קולה - זירו פחית 330 מ""ל",330,"100 מ""ל"
7290011461058,"מוסקו - מבשם מפיץ ריח 100 מ""ל",לא ידוע,"מוסקו - מבשם מפיץ ריח 100 מ""ל",100,"100 מ""ל"
7290011598211,"סנו - אנטי קאלק מרסס ניקוי כללי 4 ב-1 700 מ""ל",לא ידוע,"סנו - אנטי קאלק מרסס ניקוי כללי 4 ב-1 700 מ""ל",700,"100 מ""ל"
7290011607180,"קולון - אבקת כביסה 1.25 ק""ג",לא ידוע,"קולון - אבקת כביסה 1.25 ק""ג",1250,100 גרם
7290011870225,פוג'יקום - סוללות AAA רביעייה,לא ידוע,פוג'יקום - סוללות AAA רביעייה,4,1 יח'
7290013083678,מטרנה - אקסטרה קר שלב 2 700 גרם,לא ידוע,מטרנה - אקסטרה קר שלב 2 700 גרם,700,100 גרם
7290013092557,בפנטן - בייבי משחת החתלה 100 גרם,לא ידוע,בפנטן - בייבי משחת החתלה 100 גרם,100,100 גרם
7290013092571,בפנטן - פלוס קרם 30 גרם,לא ידוע,בפנטן - פלוס קרם 30 גרם,30,100 גרם
7290013269621,סנו ריצפז - פרש הום מלון בוטיק 2 ליטר,לא ידוע,סנו ריצפז - פרש הום מלון בוטיק 2 ליטר,2000,"100 מ""ל"
7290013269751,סנו ריצפז - מטליות בניחוח מלון בוטיק 10 יח',לא ידוע,סנו ריצפז - מטליות בניחוח מלון בוטיק 10 יח',10,1 יח'
7290013269850,'סושי נייר אפיה אקוולוגי 50יח,לא ידוע,'סושי נייר אפיה אקוולוגי 50יח,50,1 יח'
7290013412300,נועם - חיתולי סופט אול נייט לארג' 15 יח',לא ידוע,נועם - חיתולי סופט אול נייט לארג' 15 יח',15,1 יח'
7290013412409,טופ פד - תחבושות לספיגה מוגברת 15 יח',לא ידוע,טופ פד - תחבושות לספיגה מוגברת 15 יח',15,1 יח'
7290013848758,סנו מקסימה - ג'ל כביסה מרוכז בייבי 3 ליטר,לא ידוע,סנו מקסימה - ג'ל כביסה מרוכז בייבי 3 ליטר,3000,"100 מ""ל"
7290014397835,סנו מט - מכשיר דוחה יתושים נוזלי + מילוי 45 לילות,לא ידוע,סנו מט - מכשיר דוחה יתושים נוזלי + מילוי 45 לילות,1,1 יח'
7290014636705,סוליי - כרית ויסקו,"מנהטן אריגי עמר בע""מ",סוליי - כרית ויסקו,1,0000000000
7290014637283,"מנהטן - מגבת גוף 68*125 ס""מ","מנהטן אריגי עמר בע""מ","מנהטן - מגבת גוף 68*125 ס""מ",1,1 יח'
7290014728189,פיור סופלימנטס - מגנזיום ביסגליצינאט 90 כמוסות,Pure Supplemnets,פיור סופלימנטס - מגנזיום ביסגליצינאט 90 כמוסות,90,1 יח'
7290015176378,פוג'יקום - מברשת שיניים חשמלית סגול,לא ידוע,פוג'יקום - מברשת שיניים חשמלית סגול,1,1 יח'
7290015366663,"אקווה פרש - משחת שיניים מנטה עדין 100 מ""ל",גלקסו,"אקווה פרש - משחת שיניים מנטה עדין 100 מ""ל",100,"100 מ""ל"
7290016117431,GOOD PHARM - כרית מתכת 4 יח',לא ידוע,GOOD PHARM - כרית מתכת 4 יח',4,1 יח'
7290016299168,"ארגניה - סרום קיק לחיזוק שורש השערה 100 מ""ל",לא ידוע,"ארגניה - סרום קיק לחיזוק שורש השערה 100 מ""ל",100,"100 מ""ל"
7290016299618,"ארגניה - שמפו קיק ללא מלחים 450 מ""ל",לא ידוע,"ארגניה - שמפו קיק ללא מלחים 450 מ""ל",450,"100 מ""ל"
7290016299755,"ארגניה - מרכך קיק ללא מלחים 400 מ""ל",לא ידוע,"ארגניה - מרכך קיק ללא מלחים 400 מ""ל",400,"100 מ""ל"
7290016299878,"ארגניה - מסכה טיפולית לשיער מועשר בחומצה היאלרונית וקרטין ללא מלחים 500 מ""ל",לא ידוע,"ארגניה - מסכה טיפולית לשיער מועשר בחומצה היאלרונית וקרטין ללא מלחים 500 מ""ל",500,"100 מ""ל"
7290016372373,"בלה איטליה - רסק עגבניות 140 גרם * זוג כשל""פ",לא ידוע,"בלה איטליה - רסק עגבניות 140 גרם * זוג כשל""פ",280,100 גרם
7290016509809,פרסיל - ג'ל כביסה קולור 2.50 ליטר,לא ידוע,פרסיל - ג'ל כביסה קולור 2.50 ליטר,2500,"100 מ""ל"
7290016566178,"מוסקו - בקבוק שתייה טריטן ילדים 700 מ""ל",לא ידוע,"מוסקו - בקבוק שתייה טריטן ילדים 700 מ""ל",1,1 יח'
7290016866674,"פרודונטקס - משחת שיניים מלבינה 75 מ""ל",גלקסו,"פרודונטקס - משחת שיניים מלבינה 75 מ""ל",75,"100 מ""ל"
7290017088501,טופ פד - תחבושות אקסטרה לונג 20 יח',לא ידוע,טופ פד - תחבושות אקסטרה לונג 20 יח',20,1 יח'
7290017253206,GOOD PHARM - רביעיית מגבונים לחים פרימיום בייבי,לא ידוע,GOOD PHARM - רביעיית מגבונים לחים פרימיום בייבי,288,1 יח'
7290017253220,GOOD PHARM - רביעיית מגבונים לחים בייבי,לא ידוע,GOOD PHARM - רביעיית מגבונים לחים בייבי,288,1 יח'
7290017457727,"סוד - מרכך כביסה מרוכז פרש סקיי 850 מ""ל",לא ידוע,"סוד - מרכך כביסה מרוכז פרש סקיי 850 מ""ל",850,"100 מ""ל"
7290017457734,"סוד - מרכך כביסה מרוכז ווילד רוז 850 מ""ל",לא ידוע,"סוד - מרכך כביסה מרוכז ווילד רוז 850 מ""ל",850,"100 מ""ל"
7290017582047,GOOD PHARM - פינצטה ישרה,"ווי, גי, לימיטד בע""מ",GOOD PHARM - פינצטה ישרה,1,1 יח'
7290017582085,GOOD PHARM - קוצץ ציפורניים גדול,"ווי, גי, לימיטד בע""מ",GOOD PHARM - קוצץ ציפורניים גדול,1,1 יח'
7290017617688,סטארקיסט - דלי נתחי פילה טונה בשמן זית בנגיעות לימון ופלפל שחור 120 גרם,תאי יוניון,סטארקיסט - דלי נתחי פילה טונה בשמן זית בנגיעות לימון ופלפל שחור 120 גרם,120,100 גרם
7290017888347,"מי עדן - מים מינרליים בקבוק ספורט 500 מ""ל",לא ידוע,"מי עדן - מים מינרליים בקבוק ספורט 500 מ""ל",500,"100 מ""ל"
7290018028858,"פאראמקס - אציטון 100% 250 מ""ל",לא ידוע,"פאראמקס - אציטון 100% 250 מ""ל",250,"100 מ""ל"
7290018043134,אול אין - חטיף פרוטאין בטעם שוקולד לבן עוגיות 60 גרם,לא ידוע,אול אין - חטיף פרוטאין בטעם שוקולד לבן עוגיות 60 גרם,60,100 גרם
7290018183175,GOOD PHARM - ערכה ביתית לבדיקת הריון,לא ידוע,GOOD PHARM - ערכה ביתית לבדיקת הריון,1,1 יח'
7290018183458,GOOD PHARM - פלסטר שקוף 30 יח',לא ידוע,GOOD PHARM - פלסטר שקוף 30 יח',30,1 יח'
7290018343296,"ד""ר פישר - אלכוג'ל 100 מ""ל",לא ידוע,"ד""ר פישר - אלכוג'ל 100 מ""ל",100,"100 מ""ל"
7290018703076,אול אין - חטיף פרוטאין בטעם דאבל שוקולד 60 גרם,לא ידוע,אול אין - חטיף פרוטאין בטעם דאבל שוקולד 60 גרם,60,100 גרם
7290018781036,GOOD PHARM - מקלוני אוזניים ידידותיים לסביבה 200 יח',"ויאה בע""מ",GOOD PHARM - מקלוני אוזניים ידידותיים לסביבה 200 יח',200,1 יח'
7290018781203,GOOD PHARM - מדחום דיגיטלי מהיר וגמיש 10 שניות,לא ידוע,GOOD PHARM - מדחום דיגיטלי מהיר וגמיש 10 שניות,1,1 יח'
7290018781289,GOOD PHARM - מטליות לחות לניקוי הרצפה בניחוח Lutesia Blossom,לא ידוע,GOOD PHARM - מטליות לחות לניקוי הרצפה בניחוח Lutesia Blossom,10,1 יח'
7290018781661,"GOOD PHARM - אלכוהול 70% לניקוי משטחי עבודה 100 מ""ל",לא ידוע,"GOOD PHARM - אלכוהול 70% לניקוי משטחי עבודה 100 מ""ל",100,"100 מ""ל"
7290018781807,GOOD PHARM - מארז מיכלים למילוי לנסיעות 7 יח',"זיאן גי אף, אלטי.די",GOOD PHARM - מארז מיכלים למילוי לנסיעות 7 יח',7,1 יח'
7290018781883,GOOD PHARM - קיסמי שיניים משולבים חוט דנטלי בטעם מנטה 40 יח',"וין טרייד, אל.טי.די",GOOD PHARM - קיסמי שיניים משולבים חוט דנטלי בטעם מנטה 40 יח',40,1 יח'
7290018921609,"ד""ר פישר - קמיל בלו קרם החתלה קלנדולה 120 גרם",לא ידוע,"ד""ר פישר - קמיל בלו קרם החתלה קלנדולה 120 גרם",120,199 גרם
7290018921807,"ד""ר פישר - קמיל בלו קרם החתלה צמחי מרפא 120 גרם",לא ידוע,"ד""ר פישר - קמיל בלו קרם החתלה צמחי מרפא 120 גרם",120,199 גרם
7290019251279,GOOD PHARM - נייר אפייה מארז 50 יח',לא ידוע,GOOD PHARM - נייר אפייה מארז 50 יח',50,1 יח'
7290019310686,אול אין - חטיף פרוטאין סופט שוקולד לבן בוטנים קרמל 55 גרם,לא ידוע,אול אין - חטיף פרוטאין סופט שוקולד לבן בוטנים קרמל 55 גרם,55,100 גרם
7290019372721,GOOD PHARM  - משקל דיגיטלי שחור,לא ידוע,GOOD PHARM  - משקל דיגיטלי שחור,1,1 יח'
7290019372882,GOOD PHARM - פד אלכוהול 100 יח',לא ידוע,GOOD PHARM - פד אלכוהול 100 יח',100,1 יח'
7290019442134,GOOD PHARM - מנקה לשון,לא ידוע,GOOD PHARM - מנקה לשון,1,1 יח'
7290019442387,GOOD PHARM - מגבות יבשות לניקוי הפנים לשימוש חד פעמי 50 יח',לא ידוע,GOOD PHARM - מגבות יבשות לניקוי הפנים לשימוש חד פעמי 50 יח',50,1 יח'
7290019442479,"GOOD PHARM - שמן שקדים טהור 100 מ""ל",לא ידוע,"GOOD PHARM - שמן שקדים טהור 100 מ""ל",100,"100 מ""ל"
7290019442783,GOOD PHARM - מגבוני טואלט לחים נשטפים באסלה 48 יח' * שלישייה,לא ידוע,GOOD PHARM - מגבוני טואלט לחים נשטפים באסלה 48 יח' * שלישייה,144,1 יח'
7290019501381,"ד""ר פישר - סרקל תרסיס מתיר קשרים 340 מ""ל",לא ידוע,"ד""ר פישר - סרקל תרסיס מתיר קשרים 340 מ""ל",340,"100 מ""ל"
7290019502258,"ד""ר פישר - אפקטיב קר קרם לחות רב שימושי קולגן פרו 200 מ""ל",לא ידוע,"ד""ר פישר - אפקטיב קר קרם לחות רב שימושי קולגן פרו 200 מ""ל",200,"100 מ""ל"
7290019515012,GOOD PHARM - מייבש לק,לא ידוע,GOOD PHARM - מייבש לק,1,1 יח'
7290019682189,הוויאנס - כפכפים מיקס,HAVAIANAS,הוויאנס - כפכפים מיקס,1,1 יח'
7290019750215,עלמה - מטלית מיקרופייבר לניקוי והברקת חלונות,לא ידוע,עלמה - מטלית מיקרופייבר לניקוי והברקת חלונות,1,1 יח'
7290019750949,עלמה - כריות יפניות ללא שריטות 6 יח',לא ידוע,עלמה - כריות יפניות ללא שריטות 6 יח',6,1 יח'
7290019766735,אול אין - חטיף פרוטאין קרמי עוגת גבינה וקרם לימון 42 גרם,לא ידוע,אול אין - חטיף פרוטאין קרמי עוגת גבינה וקרם לימון 42 גרם,42,100 גרם
7290019771029,GOOD PHARM - לק מס' 15 אדום,לא ידוע,GOOD PHARM - לק מס' 15 אדום,1,1 יח'
7290019771036,GOOD PHARM - גומיות שחורות פתוחות 20 יח',לא ידוע,GOOD PHARM - גומיות שחורות פתוחות 20 יח',20,1 יח'
7290019771937,בליס - מברשת שיער ספרים עם שיער צבע אפרסק,לא ידוע,בליס - מברשת שיער ספרים עם שיער צבע אפרסק,1,1 יח'
7290019870692,לוקיטוס - סוכריות על מקל בטעמי פירות במילוי חמוץ 170 גרם,נפוליאון,לוקיטוס - סוכריות על מקל בטעמי פירות במילוי חמוץ 170 גרם,170,100 גרם
7290019950363,GOOD PHARM - רצועת הדבקה מעצבת לחזה,לא ידוע,GOOD PHARM - רצועת הדבקה מעצבת לחזה,1,1 יח'
7290019950509,GOOD PHARM - רפידות הגנה לעקב 5 יח',לא ידוע,GOOD PHARM - רפידות הגנה לעקב 5 יח',5,1 יח'
7290019950578,"GOOD PHARM - שלישיית אל סבון נוזלי לידיים לבנדר 500 מ""ל חלבי",לא ידוע,"GOOD PHARM - שלישיית אל סבון נוזלי לידיים לבנדר 500 מ""ל חלבי",1500,"100 מ""ל"
7290019950592,"GOOD PHARM - שלישיית אל סבון נוזלי לידיים אוקיינוס 500 מ""ל חלבי",לא ידוע,"GOOD PHARM - שלישיית אל סבון נוזלי לידיים אוקיינוס 500 מ""ל חלבי",1500,"100 מ""ל"
7290019950684,GOOD PHARM - פלסטר שקוף ניילון בגליל,לא ידוע,GOOD PHARM - פלסטר שקוף ניילון בגליל,1,1 יח'
7290019950813,GOOD PHARM - מברשת מצמידה גדולה לעיצוב וקיבוע השיער,לא ידוע,GOOD PHARM - מברשת מצמידה גדולה לעיצוב וקיבוע השיער,1,1 יח'
7290019950851,GOOD PHARM - קליפסים חזקים בעיצוב מלבני שחור מט זוג,לא ידוע,GOOD PHARM - קליפסים חזקים בעיצוב מלבני שחור מט זוג,2,1 יח'
7290019950882,GOOD PHARM - שלישיית סכיני גילוח לעיצוב הגבות,לא ידוע,GOOD PHARM - שלישיית סכיני גילוח לעיצוב הגבות,3,1 יח'
7290019950936,GOOD PHARM - קליפסים חזקים בעיצוב מלבני ניוד זוג,לא ידוע,GOOD PHARM - קליפסים חזקים בעיצוב מלבני ניוד זוג,2,1 יח'
7290019950950,GOOD PHARM - מטליות לחות לניקוי הרצפה בניחוח Cloudkiss,לא ידוע,GOOD PHARM - מטליות לחות לניקוי הרצפה בניחוח Cloudkiss,10,1 יח'
7290019950981,GOOD PHARM - לק טופ,לא ידוע,GOOD PHARM - לק טופ,1,1 יח'
7290020228567,כביסכל - נוזל כביסה ג'מבו עם ביו פרוביוטיקה ארומטי 2.7 ליטר,פרפיום,כביסכל - נוזל כביסה ג'מבו עם ביו פרוביוטיקה ארומטי 2.7 ליטר,2700,"100 מ""ל"
7290020228581,כביסכל - נוזל כביסה ג'מבו עם ביו פרוביוטיקה בייבי 2.7 ליטר,פרפיום,כביסכל - נוזל כביסה ג'מבו עם ביו פרוביוטיקה בייבי 2.7 ליטר,2700,"100 מ""ל"
7290020228604,כביסכל - נוזל כביסה ג'מבו עם ביו פרוביוטיקה מאסק פלאוורס 2.7 ליטר,פרפיום,כביסכל - נוזל כביסה ג'מבו עם ביו פרוביוטיקה מאסק פלאוורס 2.7 ליטר,2700,"100 מ""ל"
7290020228628,כביסכל - נוזל כביסה ג'מבו עם ביו פרוביוטיקה אלגנס 2.7 ליטר,פרפיום,כביסכל - נוזל כביסה ג'מבו עם ביו פרוביוטיקה אלגנס 2.7 ליטר,2700,"100 מ""ל"
7290020363008,קלינידנט - טבליות לניקוי שיניים תותבות 66 יח',הלגו פארמה,קלינידנט - טבליות לניקוי שיניים תותבות 66 יח',66,1 יח'
7290020529589,מוסקו - כובע רחצה שתי שכבות כחול נקודות,מוסקו,מוסקו - כובע רחצה שתי שכבות כחול נקודות,1,1 יח'
7290020529596,מוסקו - כובע רחצה שתי שכבות לבן נקודות,מוסקו,מוסקו - כובע רחצה שתי שכבות לבן נקודות,1,1 יח'
7290100687109,אוסם - במבה במילוי קרם נוגט 60 גרם,לא ידוע,אוסם - במבה במילוי קרם נוגט 60 גרם,60,100 גרם
7290101551027,עלית - קפסולות קפה 14 חזק ועוצמתי 10 יח',שטראוס גרופ,עלית - קפסולות קפה 14 חזק ועוצמתי 10 יח',10,1 יח'
7290101826521,הרקולס - כפפות ניטריל ללא אבקה מדיום 100 יח',לא ידוע,הרקולס - כפפות ניטריל ללא אבקה מדיום 100 יח',100,1 יח'
7290101826538,הרקולס - כפפות ניטריל ללא אבקה לארג' 100 יח',לא ידוע,הרקולס - כפפות ניטריל ללא אבקה לארג' 100 יח',100,1 יח'
7290101864127,"וניש - ספריי להסרת כתמים 750 מ""ל",לא ידוע,"וניש - ספריי להסרת כתמים 750 מ""ל",750,"100 מ""ל"
7290101865261,"פיניש - נוזל הברקה למדיח 800 מ""ל",לא ידוע,"פיניש - נוזל הברקה למדיח 800 מ""ל",800,"100 מ""ל"
7290101868507,"נורופון - ג'ל 200 מ""ג 10 קפסולות",לא ידוע,"נורופון - ג'ל 200 מ""ג 10 קפסולות",10,1 יח'
7290101869726,פיניש - ג'ל למדיח כלים 1 ליטר,לא ידוע,פיניש - ג'ל למדיח כלים 1 ליטר,1000,"100 מ""ל"
7290101928218,GOOD PHARM - כוסות נייר לשתייה חמה 50 יח',לא ידוע,GOOD PHARM - כוסות נייר לשתייה חמה 50 יח',50,1 יח'
7290103120658,ספיד סטיק - דאודורנט ג'ל שחור לגבר 24/7 85 גרם,COLGATE PALMOLIVE,ספיד סטיק - דאודורנט ג'ל שחור לגבר 24/7 85 גרם,85,100 גרם
7290103129392,ליידי ספיד סטיק - דאודורנט סטיק לאישה פרש אסנס פרח הפרזיה 65 גרם,COLGATE PALMOLIVE,ליידי ספיד סטיק - דאודורנט סטיק לאישה פרש אסנס פרח הפרזיה 65 גרם,65,100 גרם
7290104960253,"נקה 7 - תחליב רחצה לבנדר 750 מ""ל",לא ידוע,"נקה 7 - תחליב רחצה לבנדר 750 מ""ל",750,"100 מ""ל"
7290104965739,"קרליין - שמפו 10 מאצ'ה ומלפפון 700 מ""ל",לא ידוע,"קרליין - שמפו 10 מאצ'ה ומלפפון 700 מ""ל",700,"100 מ""ל"
7290104965746,"קרליין - מרכך 10 מאצה ומלפפון 700 מ""ל",לא ידוע,"קרליין - מרכך 10 מאצה ומלפפון 700 מ""ל",700,"100 מ""ל"
7290104969935,"קרליין - פאוור סי קרם יום 50 מ""ל",לא ידוע,"קרליין - פאוור סי קרם יום 50 מ""ל",50,"100 מ""ל"
7290105360328,עלית - קפסולות קפה 10 חזק ועוצמתי 10 יח',חברת המשקם לתעסוקת קשישים ובעלי כוש,עלית - קפסולות קפה 10 חזק ועוצמתי 10 יח',10,1 יח'
7290105360335,עלית - קפסולות קפה 07 עדין וקטיפתי 10 יח',לא ידוע,עלית - קפסולות קפה 07 עדין וקטיפתי 10 יח',10,1 יח'
7290105362377,עלית - חטיף כיף כף 45 גרם,שטראוס גרופ,עלית - חטיף כיף כף 45 גרם,45,100 גרם
7290105434050,ספיד סטיק - דאודורנט סטיק לגבר XL רגולר 85 גרם,COLGATE PALMOLIVE,ספיד סטיק - דאודורנט סטיק לגבר XL רגולר 85 גרם,85,100 גרם
7290105961525,עלית - ספלנדיד מריר 85% 100 גרם,שטראוס גרופ,עלית - ספלנדיד מריר 85% 100 גרם,100,100 גרם
7290106658479,עלית - חטיף טורטית 40 גרם,שטראוס גרופ,עלית - חטיף טורטית 40 גרם,40,100 גרם
7290106669857,עלית - קפסולות קפה וניל 10 יח',שטראוס גרופ,עלית - קפסולות קפה וניל 10 יח',10,1 יח'
7290107280570,סנו מקסימה - ג'ל כביסה מרוכז לכביסה צבעונית 3 ליטר,לא ידוע,סנו מקסימה - ג'ל כביסה מרוכז לכביסה צבעונית 3 ליטר,3000,"100 מ""ל"
7290107953559,עלית - קפה טורקי לדרך 24 יח',חברת המשקם לתעסוקת קשישים ובעלי כוש,עלית - קפה טורקי לדרך 24 יח',24,1 יח'
7290107956901,עלית - קפסולות קפה אגוזי לוז 10 יח',שטראוס גרופ,עלית - קפסולות קפה אגוזי לוז 10 יח',10,1 יח'
7290108201277,"נורופן - קוויק 256 מ""ג 16 טבליות",רקיט,"נורופן - קוויק 256 מ""ג 16 טבליות",16,1 יח'
7290108351699,סנו ג'ט - מטליות לחות לניקוי כללי בתוספת חומץ  ניחוח לבנדר 50 יח' שלישייה,לא ידוע,סנו ג'ט - מטליות לחות לניקוי כללי בתוספת חומץ  ניחוח לבנדר 50 יח' שלישייה,150,1 יח'
7290108352078,"אורביטול - מי פה מלח 500 מ""ל",לא ידוע,"אורביטול - מי פה מלח 500 מ""ל",500,"100 מ""ל"
7290108352900,סנו סושי - מגבות הפלא כפול 6 גלילים,לא ידוע,סנו סושי - מגבות הפלא כפול 6 גלילים,6,1 יח'
7290108353068,סנו סושי - כרית קירצוף עם סיבי נירוסטה 2 יח',לא ידוע,סנו סושי - כרית קירצוף עם סיבי נירוסטה 2 יח',2,1 יח'
7290108353099,סנו - סופט ממחטות אף 100 יח' * חמישייה,לא ידוע,סנו - סופט ממחטות אף 100 יח' * חמישייה,500,1 יח'
7290108353686,סנו סושי - מטלית חלומית לרצפה,לא ידוע,סנו סושי - מטלית חלומית לרצפה,1,1 יח'
7290108353952,"קרמה - דאודורנט ספריי לאישה קלאסי 150 מ""ל",סנו החברה הדרומית,"קרמה - דאודורנט ספריי לאישה קלאסי 150 מ""ל",150,"100 מ""ל"
7290108353990,"קרמה - קרם גוף מאסק 500 מ""ל",לא ידוע,"קרמה - קרם גוף מאסק 500 מ""ל",500,"100 מ""ל"
7290108354492,"קרליין - שמפו 10 שמן ארגן 700 מ""ל",לא ידוע,"קרליין - שמפו 10 שמן ארגן 700 מ""ל",700,"100 מ""ל"
7290108354584,"קרמה - דאודורנט ספריי לאישה 4 ב-1 ניחוח טלק 150 מ""ל",סנו החברה הדרומית,"קרמה - דאודורנט ספריי לאישה 4 ב-1 ניחוח טלק 150 מ""ל",150,"100 מ""ל"
7290108354713,"קרמה - תחליב רחצה קלאסי 500 מ""ל",לא ידוע,"קרמה - תחליב רחצה קלאסי 500 מ""ל",500,"100 מ""ל"
7290108355482,"קרמה - דאודורנט רול און לאישה לבנדר ואקליפטוס 75 מ""ל",סנו החברה הדרומית,"קרמה - דאודורנט רול און לאישה לבנדר ואקליפטוס 75 מ""ל",75,"100 מ""ל"
7290108355994,סנו מקסימה - מרכך כביסה מרוכז בייבי 1 ליטר,לא ידוע,סנו מקסימה - מרכך כביסה מרוכז בייבי 1 ליטר,1000,"100 מ""ל"
7290108356298,"כיף - מוס רחצה בניחוח קרם עוגיות 150 מ""ל",לא ידוע,"כיף - מוס רחצה בניחוח קרם עוגיות 150 מ""ל",150,"100 מ""ל"
7290108356489,"כיף - תחליב רחצה אפרסק וחמאת מורומורו 700 מ""ל",לא ידוע,"כיף - תחליב רחצה אפרסק וחמאת מורומורו 700 מ""ל",700,"100 מ""ל"
7290108356717,"כיף - מן אולטרה פאוור שמפו 3 ב-1 700 מ""ל",לא ידוע,"כיף - מן אולטרה פאוור שמפו 3 ב-1 700 מ""ל",700,"100 מ""ל"
7290108357226,"סנו אוקסיג'ן - אבקה עוצמתית להסרת כתמים קשים 1.4 ק""ג",לא ידוע,"סנו אוקסיג'ן - אבקה עוצמתית להסרת כתמים קשים 1.4 ק""ג",1400,100 גרם
7290108357417,"קרמה - קרם גוף ורד ווניל 500 מ""ל",לא ידוע,"קרמה - קרם גוף ורד ווניל 500 מ""ל",500,"100 מ""ל"
7290108357615,"קרמה - דאודורנט רול און לאישה אפרסק 75 מ""ל",קוסמופארם,"קרמה - דאודורנט רול און לאישה אפרסק 75 מ""ל",75,"100 מ""ל"
7290108357639,"קרליין - נושם ביו דאודורנט ספריי לאישה פרש מלפפון 150 מ""ל",לא ידוע,"קרליין - נושם ביו דאודורנט ספריי לאישה פרש מלפפון 150 מ""ל",150,"100 מ""ל"
7290108357707,"כיף - שמפו לשיער רגיל תפוח וזרעי צ'יה 700 מ""ל",לא ידוע,"כיף - שמפו לשיער רגיל תפוח וזרעי צ'יה 700 מ""ל",700,"100 מ""ל"
7290108357769,"כיף - מרכך לשיער רגיל תפוח וזרעי צ'יה 700 מ""ל",לא ידוע,"כיף - מרכך לשיער רגיל תפוח וזרעי צ'יה 700 מ""ל",700,"100 מ""ל"
7290108358384,סנו מקסימה - מרכך כביסה LOVELY COTTON מרוכז 1 ליטר,לא ידוע,סנו מקסימה - מרכך כביסה LOVELY COTTON מרוכז 1 ליטר,1000,"100 מ""ל"
7290108358667,סנו ריצפז - פרש הום פיור לאב 2 ליטר,סנו החברה הדרומית,סנו ריצפז - פרש הום פיור לאב 2 ליטר,2000,"100 מ""ל"
7290108359213,סנו - סופט נייר טואלט כפול 18 גלילים,לא ידוע,סנו - סופט נייר טואלט כפול 18 גלילים,18,1 יח'
7290108359268,סנו סושי - מטלית חלומית לניקוי כללי 3 יח',לא ידוע,סנו סושי - מטלית חלומית לניקוי כללי 3 יח',3,1 יח'
7290108359404,אורביטול - פול קאבר מברשת שיניים זוג,לא ידוע,אורביטול - פול קאבר מברשת שיניים זוג,2,1 יח'
7290109134949,"סולתם - מלקחיים גריל נירוסטה ראש סיליקון 27 ס""מ",לא ידוע,"סולתם - מלקחיים גריל נירוסטה ראש סיליקון 27 ס""מ",1,1 יח'
7290109137483,"סולתם - פיקולו קלחת מיני ציפוי שיש 7*14 ס""מ",לא ידוע,"סולתם - פיקולו קלחת מיני ציפוי שיש 7*14 ס""מ",1,1 יח'
7290109203379,סליידר - סט בקבוקים וצנצנות לטיולים 7 חלקים דגם 3757,לא ידוע,סליידר - סט בקבוקים וצנצנות לטיולים 7 חלקים דגם 3757,7,1 יח'
7290109923185,אסטוניש - טבליות הפלא לניקוי האסלה בניחוח ורדים 8 יח',לא ידוע,אסטוניש - טבליות הפלא לניקוי האסלה בניחוח ורדים 8 יח',8,1 יח'
7290109923529,"דזיטול - רסס נגב רב תכליתי מנקה ומחטא 750 מ""ל",לא ידוע,"דזיטול - רסס נגב רב תכליתי מנקה ומחטא 750 מ""ל",750,"100 מ""ל"
7290110210335,לה בוטה - שמפו אלקסיר פרוטאין ללא מלחים לשיער יבש 750 מ''ל,לא ידוע,לה בוטה - שמפו אלקסיר פרוטאין ללא מלחים לשיער יבש 750 מ''ל,750,"100 מ""ל"
7290110563851,אנרג'י - מאגדת חטיף דגנים שברי אגוזים ושוקולד חלב 24 גרם * שישייה,שטראוס גרופ,אנרג'י - מאגדת חטיף דגנים שברי אגוזים ושוקולד חלב 24 גרם * שישייה,144,100 גרם
7290110572884,עלית - קפסולות קפה 20 חזק אש 10 יח',שטראוס גרופ,עלית - קפסולות קפה 20 חזק אש 10 יח',10,1 יח'
7290110808440,"פרולטה - חמאת גוף קוקוס 250 מ""ל",לא ידוע,"פרולטה - חמאת גוף קוקוס 250 מ""ל",250,"100 מ""ל"
7290111096389,בייביסיטר - מגבונים לחים לתינוק ללא בישום 60 יח' * תשיעייה,לא ידוע,בייביסיטר - מגבונים לחים לתינוק ללא בישום 60 יח' * תשיעייה,540,1 יח'
7290111341984,לילי - מגבוני נייר טואלט לח פיור 40 יח' * רביעייה,עלבד משואות יצחק בעמ,לילי - מגבוני נייר טואלט לח פיור 40 יח' * רביעייה,160,1 יח'
7290111344206,האגיס - מגבוני נטורל קר מבושם 56 יח' * רביעייה,עלבד משואות יצחק בעמ,האגיס - מגבוני נטורל קר מבושם 56 יח' * רביעייה,224,1 יח'
7290111345753,קוטקס - נטורל תחבושות נורמל 24 יח',קימברלי קלארק צ'כיה,קוטקס - נטורל תחבושות נורמל 24 יח',24,1 יח'
7290111345777,קוטקס - נטורל תחבושות לילה 16 יח',קימברלי קלארק צ'כיה,קוטקס - נטורל תחבושות לילה 16 יח',16,1 יח'
7290111346347,קלינקס - קלאסיק ממחטות נייר 70 יח' * חמישייה,קימברלי קלארק ישראל,קלינקס - קלאסיק ממחטות נייר 70 יח' * חמישייה,350,1 יח'
7290111346538,האגיס - פרידום דריי 5+ 28 יח',קימברלי קלארק ישראל,האגיס - פרידום דריי 5+ 28 יח',28,1 יח'
7290111346828,לילי - נייר טואלט אקסלוסיב קומפורט 3 שכבות מרופדות 32 גלילים,קימברלי קלארק ישראל,לילי - נייר טואלט אקסלוסיב קומפורט 3 שכבות מרופדות 32 גלילים,32,1 יח'
7290111347559,ניקול - מגבת נייר מגה 6=9 גלילים,קימברלי-קלארק,ניקול - מגבת נייר מגה 6=9 גלילים,6,1 יח'
7290111347702,האגיס - ערכת הריון ולידה,לא ידוע,האגיס - ערכת הריון ולידה,1,1 יח'
7290111348549,ניקול - מפיות לבנות חד שכבתיות 30*30 150 יח',קימברלי קלארק איטליה,ניקול - מפיות לבנות חד שכבתיות 30*30 150 יח',150,1 יח'
7290112004611,"וניש - ג'ל מרוכז לכתמים 200 מ""ל",לא ידוע,"וניש - ג'ל מרוכז לכתמים 200 מ""ל",200,"100 מ""ל"
7290112005045,וניש - מסיר כתמים אבקה לכביסה לבנה 480 גרם,לא ידוע,וניש - מסיר כתמים אבקה לכביסה לבנה 480 גרם,480,100 גרם
7290112005076,וניש - מסיר כתמים אבקה לכביסה צבעונית 480 גרם,לא ידוע,וניש - מסיר כתמים אבקה לכביסה צבעונית 480 גרם,480,100 גרם
7290112005168,פיניש - קוואנטום קפסולות למדיח 60 יח',לא ידוע,פיניש - קוואנטום קפסולות למדיח 60 יח',60,1 יח'
7290112005656,וניש - קליה ג'ל מסיר כתמים לכביסה לבנה 2.75 ליטר,לא ידוע,וניש - קליה ג'ל מסיר כתמים לכביסה לבנה 2.75 ליטר,2750,"100 מ""ל"
7290112006189,"איירוויק - ספריי מבשם ומנטרל ריחות כביסה באוויר 237 מ""ל",רקיט,"איירוויק - ספריי מבשם ומנטרל ריחות כביסה באוויר 237 מ""ל",237,"100 מ""ל"
7290112336637,"עלית - סוכריות יוגורט תות אוכמניות 80 גרם לל""ס","INTERVAN,S.A","עלית - סוכריות יוגורט תות אוכמניות 80 גרם לל""ס",80,100 גרם
7290112337474,"עלית - סוכריות פטל לימון 80 גרם לל""ס","INTERVAN,S.A","עלית - סוכריות פטל לימון 80 גרם לל""ס",80,100 גרם
7290112337481,"עלית - סוכריות קפוצ'ינו 80 גרם לל""ס","INTERVAN,S.A","עלית - סוכריות קפוצ'ינו 80 גרם לל""ס",80,100 גרם
7290112340122,אנרג'י - פריכיות 3 דגנים 135 גרם,"פרח תעשיות מזון בע""מ",אנרג'י - פריכיות 3 דגנים 135 גרם,135,100 גרם
7290112350312,עלית - קפסולות קפה 15 חזק במיוחד 10 יח',שטראוס גרופ,עלית - קפסולות קפה 15 חזק במיוחד 10 יח',10,1 יח'
7290112492449,"פינוק - שמפו לשיער רגיל 700 מ""ל","יוניליוור טיפוח אישי וביתי בע""מ","פינוק - שמפו לשיער רגיל 700 מ""ל",700,"100 מ""ל"
7290112492630,"פינוק - שמפו 3 ב-1 לגבר 700 מ""ל","יוניליוור טיפוח אישי וביתי בע""מ","פינוק - שמפו 3 ב-1 לגבר 700 מ""ל",700,"100 מ""ל"
7290112913487,מקס ברנר - חטיף פרוטאין שוקולד לבן וקרם אגוז 60 גרם,"מקס ברנר תעשיות בע""מ",מקס ברנר - חטיף פרוטאין שוקולד לבן וקרם אגוז 60 גרם,60,100 גרם
7290112914811,מקס ברנר - חטיף פרוטאין שוקולד לבן ופיסטוק 60 גרם,"מקס ברנר תעשיות בע""מ",מקס ברנר - חטיף פרוטאין שוקולד לבן ופיסטוק 60 גרם,60,100 גרם
7290112965684,פיטנס - חטיף מולטיגריין עשבי תיבול 25 גרם,לא ידוע,פיטנס - חטיף מולטיגריין עשבי תיבול 25 גרם,25,100 גרם
7290112965707,פיטנס - חטיף מולטיגריין צילי מעודן 25 גרם,לא ידוע,פיטנס - חטיף מולטיגריין צילי מעודן 25 גרם,25,100 גרם
7290112968821,פיטנס - קרקר דק בטטה 140 גרם,לא ידוע,פיטנס - קרקר דק בטטה 140 גרם,140,100 גרם
7290113560383,"סנסודיין - משחת שיניים להלבנה עדינה 75 מ""ל זוג",גלקסו,"סנסודיין - משחת שיניים להלבנה עדינה 75 מ""ל זוג",150,100 גרם
7290113560826,"פרודונטקס - משחת שיניים פרו אורגינל 75 מ""ל זוג",HALEON,"פרודונטקס - משחת שיניים פרו אורגינל 75 מ""ל זוג",150,"100 מ""ל"
7290114400800,GOOD PHARM - משקפי קריאה 2+,נינבו אל. טרייד,GOOD PHARM - משקפי קריאה 2+,1,1 יח'
7290114400848,GOOD PHARM - משקפי קריאה 3.0,נינבו אל. טרייד,GOOD PHARM - משקפי קריאה 3.0,1,1 יח'
7290114400862,GOOD PHARM - משקפי קריאה 4+,נינבו אל. טרייד,GOOD PHARM - משקפי קריאה 4+,1,1 יח'
7290114607315,"קולגייט - משחת שיניים מקס וויט 125 מ""ל * זוג",לא ידוע,"קולגייט - משחת שיניים מקס וויט 125 מ""ל * זוג",250,"100 מ""ל"
7290114724203,פוג'יקום - ראשי מברשת אוניברסליים תואם אורל בי 4 יח',לא ידוע,פוג'יקום - ראשי מברשת אוניברסליים תואם אורל בי 4 יח',4,1 יח'
7290114725040,"מירקל - קרש חיתוך אנטי בקטריאלי 23*34 ס""מ","פוג'יקום בע""מ","מירקל - קרש חיתוך אנטי בקטריאלי 23*34 ס""מ",1,1 יח'
7290115042900,לסרה - מברשת לניקוי ועיסוי הפנים,לא ידוע,לסרה - מברשת לניקוי ועיסוי הפנים,1,1 יח'
7290115043433,"פרוהייר - גלייז 60% קרם לחות 40% מתולתל 400 מ""ל",לא ידוע,"פרוהייר - גלייז 60% קרם לחות 40% מתולתל 400 מ""ל",400,"100 מ""ל"
7290115043839,לסרה - אבן גאושה רוז קוורץ,לא ידוע,לסרה - אבן גאושה רוז קוורץ,1,1 יח'
7290115044102,"פרוהייר - מוס לעיצוב תלתלים 300 מ""ל",לא ידוע,"פרוהייר - מוס לעיצוב תלתלים 300 מ""ל",300,"100 מ""ל"
7290115480207,"סוד - מרכך כביסה מרוכז מלדיביים 850 מ""ל",לא ידוע,"סוד - מרכך כביסה מרוכז מלדיביים 850 מ""ל",850,"100 מ""ל"
7290115480214,"סוד - מרכך כביסה מרוכז ג'ונגל 850 מ""ל",לא ידוע,"סוד - מרכך כביסה מרוכז ג'ונגל 850 מ""ל",850,"100 מ""ל"
7290116531762,בדין - דפים למייבש כביסה ורוד 40 יח',"קלינטסט - 3p ארה""ב",בדין - דפים למייבש כביסה ורוד 40 יח',40,1 יח'
7290116531779,בדין - דפים למייבש כביסה כחול 40 יח',"קלינטסט - 3p ארה""ב",בדין - דפים למייבש כביסה כחול 40 יח',40,1 יח'
7290116536279,"בדין -  אקסטרה פלוס ורוד 960 מ""ל","יוניליוור טיפוח אישי וביתי בע""מ","בדין -  אקסטרה פלוס ורוד 960 מ""ל",960,"100 מ""ל"
7290116537764,הלמנס - מיונז אמיתי לחיץ 385 גרם,יוניליוור ישראל,הלמנס - מיונז אמיתי לחיץ 385 גרם,385,100 גרם
7290118422426,אוסם - צ'יפס גלי 45 גרם,לא ידוע,אוסם - צ'יפס גלי 45 גרם,45,100 גרם
7290118818618,פיור סופלימנטס - ויטמין די 90 כמוסות,NBTY,פיור סופלימנטס - ויטמין די 90 כמוסות,100,1 יח'
7290119373345,אנרג'י - פריכיות משולשות אפונה ירוקה 30 גרם,"פרח תעשיות מזון בע""מ",אנרג'י - פריכיות משולשות אפונה ירוקה 30 גרם,30,100 גרם
7290119373352,אנרג'י - פריכיות משולשות סלק 30 גרם,"פרח תעשיות מזון בע""מ",אנרג'י - פריכיות משולשות סלק 30 גרם,30,100 גרם
7290119374106,עלית - קפה טורקי 200 גרם + 15% תוספת,שטראוס קפה בי.וי.,עלית - קפה טורקי 200 גרם + 15% תוספת,230,100 גרם
7290119380251,עלית - קפסולות קפה בטעם מייפל פקאן 10 יח',שטראוס קפה בי.וי.,עלית - קפסולות קפה בטעם מייפל פקאן 10 יח',10,1 יח'
7290119382279,"עלית - סוכריות חמאה 80 גרם לל""ס","INTERVAN,S.A","עלית - סוכריות חמאה 80 גרם לל""ס",80,100 גרם
7290120872165,"סטייל - סאן הייר שמפו שיקום וחשיפה לשמש 600 מ""ל","א.ל ארמן ייצור תמרוקים בע""מ","סטייל - סאן הייר שמפו שיקום וחשיפה לשמש 600 מ""ל",600,"100 מ""ל"
7290120872172,"סטייל - סאן הייר מרכך לשיקום וחשיפה לשמש 600 מ""ל","א.ל ארמן ייצור תמרוקים בע""מ","סטייל - סאן הייר מרכך לשיקום וחשיפה לשמש 600 מ""ל",600,"100 מ""ל"
7290121161862,טודיי - חטיף פרוטאין שוקולד צ'יפס 51 גרם,לא ידוע,טודיי - חטיף פרוטאין שוקולד צ'יפס 51 גרם,51,100 גרם
7290121640930,"פרמסי די - מנקה לשון עם קיסם שיניים לשימוש חד""פ 15 יח'",שאנזן ב. אינדסטוריאל,"פרמסי די - מנקה לשון עם קיסם שיניים לשימוש חד""פ 15 יח'",15,1 יח'
7290121803960,"בקבוק נירוסטה 600 מ""ל פיית סיליקון - מיני מאוס צבעי הקשת",NINGBO LAND KING,"בקבוק נירוסטה 600 מ""ל פיית סיליקון - מיני מאוס צבעי הקשת",1,1 יח'
7290122150063,סנו מקסימה - דפי בישום לחים למייבש הכביסה בניחוח בייבי 20 יח',דגיל,סנו מקסימה - דפי בישום לחים למייבש הכביסה בניחוח בייבי 20 יח',20,1 יח'
7290122782615,פיטנס - קרקר דק כוסמין ודבש 140 גרם,IL PL Yoqneam Osem Investment,פיטנס - קרקר דק כוסמין ודבש 140 גרם,140,100 גרם
7290122783841,אוסם - צ'יפס גלי שום פרמז'ן 45 גרם,ES TK Europe Snacks,אוסם - צ'יפס גלי שום פרמז'ן 45 גרם,45,100 גרם
7291044055641,GOOD PHARM - אטבי כביסה פסטל 50 יח',לא ידוע,GOOD PHARM - אטבי כביסה פסטל 50 יח',50,1 יח'
7291074004060,סולתם - סכין רב שימושית ידית מוגבהת כתום / ירוק / אדום / שחור,לא ידוע,סולתם - סכין רב שימושית ידית מוגבהת כתום / ירוק / אדום / שחור,1,1 יח'
7291074027564,סולתם - סכינים דמוי עץ / שיש 6 יח',לא ידוע,סולתם - סכינים דמוי עץ / שיש 6 יח',6,1 יח'
7296167020156,"GOOD PHARM - אציטון 100 מ""ל",לא ידוע,"GOOD PHARM - אציטון 100 מ""ל",100,"100 מ""ל"
7296168020148,GOOD PHARM - מקלוני אוזניים עץ 200 יח',לא ידוע,GOOD PHARM - מקלוני אוזניים עץ 200 יח',200,1 יח'
7296168076732,טופ מד - מדבקות לפצעונים 48 יח',לא ידוע,טופ מד - מדבקות לפצעונים 48 יח',48,1 יח'
7296168131998,סוויטי - מד חום מהיר גמיש 10 שניות דיגיטלי,לא ידוע,סוויטי - מד חום מהיר גמיש 10 שניות דיגיטלי,1,1 יח'
7296168201226,GOOD PHARM - מקלוני אוזניים לתינוקות 55 יח',לא ידוע,GOOD PHARM - מקלוני אוזניים לתינוקות 55 יח',55,1 יח'
7297028186783,גופיית נשים כ/ל שחור / לבן / גוף עם כתפיית ספגטי,לא ידוע,גופיית נשים כ/ל שחור / לבן / גוף עם כתפיית ספגטי,1,1 יח'
7297028189531,GOOD PHARM - קרסוליות נשים כותנה לייקרה לבן 36-41 רביעייה,לא ידוע,GOOD PHARM - קרסוליות נשים כותנה לייקרה לבן 36-41 רביעייה,4,1 יח'
7297028189579,GOOD PHARM - קרסוליות גברים נמוכות חצי מגבת לבן 40-46 שישייה,לא ידוע,GOOD PHARM - קרסוליות גברים נמוכות חצי מגבת לבן 40-46 שישייה,6,1 יח'
7297028189586,GOOD PHARM - קרסוליות גברים נמוכות חצי מגבת שחור 40-46 שישייה,לא ידוע,GOOD PHARM - קרסוליות גברים נמוכות חצי מגבת שחור 40-46 שישייה,6,1 יח'
7297028189630,GOOD PHARM - קרסוליות גברים פוליאסטר לייקרה 40-46 עשירייה,לא ידוע,GOOD PHARM - קרסוליות גברים פוליאסטר לייקרה 40-46 עשירייה,10,1 יח'
7297028189647,GOOD PHARM - קרסוליות נשים פוליאסטר לייקרה 36-41 עשירייה,לא ידוע,GOOD PHARM - קרסוליות נשים פוליאסטר לייקרה 36-41 עשירייה,10,1 יח'
7297028189678,GOOD PHARM - גרבי נשים כותנה לייקרה 36-41 שלישייה,לא ידוע,GOOD PHARM - גרבי נשים כותנה לייקרה 36-41 שלישייה,3,1 יח'
7297028192975,גרבי נשים בריאות לבן שחור שלישייה,לא ידוע,גרבי נשים בריאות לבן שחור שלישייה,3,1 יח'
7610700010709,"ריקולה - סוכריות בטעם לימון מנטה 50 גרם לל""ס",לא ידוע,"ריקולה - סוכריות בטעם לימון מנטה 50 גרם לל""ס",50,100 גרם
7613287070210,פורינה - מעדן לחתול גורמה רוליישן פטה עוף 57 גרם זוג,PL PL NWW,פורינה - מעדן לחתול גורמה רוליישן פטה עוף 57 גרם זוג,114,100 גרם
7613287070722,פורינה - מעדן לחתול גורמה רוליישן פטה סלמון 57 גרם זוג,PL PL NWW,פורינה - מעדן לחתול גורמה רוליישן פטה סלמון 57 גרם זוג,114,100 גרם
7613287186843,סטארבקס - קפסולות קפה ברקפסט בלנד 10 יח',לא ידוע,סטארבקס - קפסולות קפה ברקפסט בלנד 10 יח',10,1 יח'
7622200003938,"מילקה - מילקיניס אצבעות שוקולד 87.5 גרם כשל""פ",מונדליז,"מילקה - מילקיניס אצבעות שוקולד 87.5 גרם כשל""פ",87.5,100 גרם
7622202829628,מילקה - קרואסון במילוי וניל 50 גרם,מונדליז,מילקה - קרואסון במילוי וניל 50 גרם,50,100 גרם
7622202832260,מילקה - קרואסון במילוי שוקולד 50 גרם,מונדליז,מילקה - קרואסון במילוי שוקולד 50 גרם,50,100 גרם
7702018482740,ג'ילט - ונוס סימפלי סכיני גילוח חד פעמי 5 יח',לא ידוע,ג'ילט - ונוס סימפלי סכיני גילוח חד פעמי 5 יח',5,1 יח'
7702018978120,"ג'ילט - דאודורנט ג'ל לגבר קול וייב 70 מ""ל",לא ידוע,"ג'ילט - דאודורנט ג'ל לגבר קול וייב 70 מ""ל",70,"100 מ""ל"
7702018980819,"ג'ילט - ג'ל גילוח סירייס לעור רגיש 200 מ""ל",PROCTER AND GAMBLE,"ג'ילט - ג'ל גילוח סירייס לעור רגיש 200 מ""ל",200,"100 מ""ל"
7791293048864,"אקס - דאודורנט ספריי לגבר אפולו 150 מ""ל",יוניליוור,"אקס - דאודורנט ספריי לגבר אפולו 150 מ""ל",150,"100 מ""ל"
7791293048888,"אקס - דאודורנט ספריי לגבר בלאק 150 מ""ל",יוניליוור,"אקס - דאודורנט ספריי לגבר בלאק 150 מ""ל",150,"100 מ""ל"
7791293048918,"אקס - דאודורנט ספריי לגבר דארק טמפטיישן 150 מ""ל",לא ידוע,"אקס - דאודורנט ספריי לגבר דארק טמפטיישן 150 מ""ל",150,"100 מ""ל"
8000500029350,קינדר - בואנו 43 גרם * שלישייה,פררו תעשיות איטליה ס.ר.ל.,קינדר - בואנו 43 גרם * שלישייה,129,100 גרם
8000500071083,קינדר - אצבעות שוקולד חלב 200 גרם,פררו תעשיות איטליה ס.ר.ל.,קינדר - אצבעות שוקולד חלב 200 גרם,200,100 גרם
8000500121436,קינדר - בואנו לבן 39 גרם * שלישייה,פררו תעשיות איטליה ס.ר.ל.,קינדר - בואנו לבן 39 גרם * שלישייה,117,100 גרם
8000500256213,קינדר - שוקולד מיני 120 גרם,פררו תעשיות איטליה ס.ר.ל.,קינדר - שוקולד מיני 120 גרם,120,100 גרם
8000500396780,קינדר - בואנו מיני 97 גרם,פררו תעשיות איטליה ס.ר.ל.,קינדר - בואנו מיני 97 גרם,97,100 גרם
8000500454121,קינדר - בואנו דארק 39 גרם * שלישייה,פררו תעשיות איטליה ס.ר.ל.,קינדר - בואנו דארק 39 גרם * שלישייה,117,100 גרם
8001090184375,"פיירי - נוזל לניקוי כלים קלאסי ירוק 900 מ""ל",לא ידוע,"פיירי - נוזל לניקוי כלים קלאסי ירוק 900 מ""ל",900,"100 מ""ל"
8001090184412,"פיירי - נוזל כלים לימון שקוף 900 מ""ל",לא ידוע,"פיירי - נוזל כלים לימון שקוף 900 מ""ל",900,"100 מ""ל"
8001841053806,אולוויז - מקסי תחבושות עבות ללילה 10 יח',לא ידוע,אולוויז - מקסי תחבושות עבות ללילה 10 יח',10,1 יח'
8006530029902,"ג'ילט - דאודורנט ג'ל לגבר אנטיפרספרנט קול וייב 70 מ""ל",פרוקטר אנד גמבל,"ג'ילט - דאודורנט ג'ל לגבר אנטיפרספרנט קול וייב 70 מ""ל",70,"100 מ""ל"
8006540463147,טמפקס - קומפק טמפונים רגולר 24 יח',לא ידוע,טמפקס - קומפק טמפונים רגולר 24 יח',24,1 יח'
8006540463352,טמפקס - קומפק טמפונים סופר 24 יח',לא ידוע,טמפקס - קומפק טמפונים סופר 24 יח',24,1 יח'
8006540732342,אולוויז - ג'יגה פק סגול תחבושות לונג 32 יח',לא ידוע,אולוויז - ג'יגה פק סגול תחבושות לונג 32 יח',32,1 יח'
8006540732663,אולוויז - ג'יגה פק שחור תחבושות לילה בטוח 24 יח',לא ידוע,אולוויז - ג'יגה פק שחור תחבושות לילה בטוח 24 יח',24,1 יח'
8006540951767,אריאל - קפסולות ג'ל לכתמים קשים 23 יח',לא ידוע,אריאל - קפסולות ג'ל לכתמים קשים 23 יח',23,1 יח'
8006540951903,אריאל - קפסולות ג'ל בניחוח לנור 23 יח',לא ידוע,אריאל - קפסולות ג'ל בניחוח לנור 23 יח',23,1 יח'
8008912010072,ליגורי - לינגוויני מספר 7 500 גרם,לא ידוע,ליגורי - לינגוויני מספר 7 500 גרם,500,100 גרם
8008912010317,ליגורי - פוזילי מספר 31 500 גרם,לא ידוע,ליגורי - פוזילי מספר 31 500 גרם,500,100 גרם
8017331058329,ביוריפייר - ראש קונוס גומי מרענן סופט לרווחים צרים 40 יח',לא ידוע,ביוריפייר - ראש קונוס גומי מרענן סופט לרווחים צרים 40 יח',40,1 יח'
8410104045111,"פיניש - מלח למדיח כלים 2 ק""ג",לא ידוע,"פיניש - מלח למדיח כלים 2 ק""ג",2000,100 גרם
8420822132444,"יעקבי - KH-7 סופר מסיר כתמים בייבי 750 מ""ל",KH,"יעקבי - KH-7 סופר מסיר כתמים בייבי 750 מ""ל",750,"100 מ""ל"
8420822132482,"יעקבי - KH-7 סופר מסיר כתמים 750 מ""ל",לא ידוע,"יעקבי - KH-7 סופר מסיר כתמים 750 מ""ל",750,"100 מ""ל"
8423207207362,סלים דליס - חטיף דגנים מצופה שוקולד לבן 20 גרם * שישייה,"י. מרבה ישראל בע""מ",סלים דליס - חטיף דגנים מצופה שוקולד לבן 20 גרם * שישייה,120,100 גרם
8435495819271,אריאל - מסיר כתמים באבקה לכביסה צבעונית 500 גרם,לא ידוע,אריאל - מסיר כתמים באבקה לכביסה צבעונית 500 גרם,500,100 גרם
8445290776907,פורינה - גורמה פנסי פיסט פטה כבד 85 גרם,לא ידוע,פורינה - גורמה פנסי פיסט פטה כבד 85 גרם,85,100 גרם
8445291451728,סטארבקס - קפסולות קפה ריסטרטו שוט 10 יח',נסטלה נספרסו,סטארבקס - קפסולות קפה ריסטרטו שוט 10 יח',10,1 יח'
8700216057417,"פנטן - קרם לחות מוגברת 300 מ""ל",לא ידוע,"פנטן - קרם לחות מוגברת 300 מ""ל",300,"100 מ""ל"
8700216178976,אולוויז - דיסקריט תחבושות לבריחת שתן סמול פלוס 16 יח',לא ידוע,אולוויז - דיסקריט תחבושות לבריחת שתן סמול פלוס 16 יח',16,1 יח'
8700216179386,אולוויז - דיסקריט תחבושות לבריחת שתן נורמל 12 יח',לא ידוע,אולוויז - דיסקריט תחבושות לבריחת שתן נורמל 12 יח',12,1 יח'
8700216199438,אורל בי - ראשי מברשת חשמלית iO לניקוי עדין לבן 4 יח',לא ידוע,אורל בי - ראשי מברשת חשמלית iO לניקוי עדין לבן 4 יח',4,1 יח'
8700216199483,אורל בי - ראשי מברשת חשמלית iO לניקוי אולטימטיבי שחור 4 יח',לא ידוע,אורל בי - ראשי מברשת חשמלית iO לניקוי אולטימטיבי שחור 4 יח',4,1 יח'
8700216211727,"הרבל אסנס - שמפו בניחוח ורדים 350 מ""ל",לא ידוע,"הרבל אסנס - שמפו בניחוח ורדים 350 מ""ל",350,"100 מ""ל"
8700216388306,ג'ילט - פיוזן 5 סכיני גילוח 12 יח',לא ידוע,ג'ילט - פיוזן 5 סכיני גילוח 12 יח',12,1 יח'
8700216418416,"הד אנד שולדרס - מן שמפו אולטרה 625 מ""ל",לא ידוע,"הד אנד שולדרס - מן שמפו אולטרה 625 מ""ל",625,"100 מ""ל"
8700216418492,"הד אנד שולדרס - שמפו 2 ב-1 קלאסי 625 מ""ל",לא ידוע,"הד אנד שולדרס - שמפו 2 ב-1 קלאסי 625 מ""ל",625,"100 מ""ל"
8700216527729,"פנטן - מרכך קלאסי 600 מ""ל",לא ידוע,"פנטן - מרכך קלאסי 600 מ""ל",600,"100 מ""ל"
8700216593694,"הד אנד שולדרס - שמפו מגע משי 625 מ""ל",לא ידוע,"הד אנד שולדרס - שמפו מגע משי 625 מ""ל",625,"100 מ""ל"
8700216623872,קוקידנט - קומפליט משחת הצמדה 47 גרם חדש,לא ידוע,קוקידנט - קומפליט משחת הצמדה 47 גרם חדש,47,100 גרם
8700216631969,"הרבל אסנס - שמפו בניחוח קמומיל 350 מ""ל",פרוקטר אנד גמבל,"הרבל אסנס - שמפו בניחוח קמומיל 350 מ""ל",350,"100 מ""ל"
8700216704779,לנור - כדוריות הבושם בניחוח פריחת האביב 495 גרם,פרוקטר אנד גמבל,לנור - כדוריות הבושם בניחוח פריחת האביב 495 גרם,495,100 גרם
8700216704861,לנור - כדוריות הבושם בניחוח רענן 495 גרם,פרוקטר אנד גמבל,לנור - כדוריות הבושם בניחוח רענן 495 גרם,495,100 גרם
8700216732673,לנור - כדוריות הבושם בניחוח רענן 150 גרם,פרוקטר אנד גמבל,לנור - כדוריות הבושם בניחוח רענן 150 גרם,150,100 גרם
8700216804714,אריאל - קפסולות ג'ל לכביסה בניחוח לנור 44 יח',פרוקטר אנד גמבל,אריאל - קפסולות ג'ל לכביסה בניחוח לנור 44 יח',44,1 יח'
8700216890984,פמפרס - פרימיום מידה 3 32 יח',פרוקטר אנד גמבל,פמפרס - פרימיום מידה 3 32 יח',32,1 יח'
8700216891011,פמפרס - פרימיום מידה 6 22 יח',פרוקטר אנד גמבל,פמפרס - פרימיום מידה 6 22 יח',22,1 יח'
8700216891103,פמפרס - פרימיום מידה 5 24 יח',פרוקטר אנד גמבל,פמפרס - פרימיום מידה 5 24 יח',24,1 יח'
8700216940955,ג'ילט - ונוס תות מכשיר גילוח + 2 סכינים + מתלה,פרוקטר אנד גמבל,ג'ילט - ונוס תות מכשיר גילוח + 2 סכינים + מתלה,4,1 יח'
8710447224342,"טרזמה - שמפו קרטין 400 מ""ל",יונילוור פולין - HPC,"טרזמה - שמפו קרטין 400 מ""ל",400,"100 מ""ל"
8710447320655,"דאב - דאודורנט ספריי לאישה מלפפון תה ירוק 150 מ""ל",לא ידוע,"דאב - דאודורנט ספריי לאישה מלפפון תה ירוק 150 מ""ל",150,"100 מ""ל"
8712400802499,נוטרילון - שלב 1 800 גרם,לא ידוע,נוטרילון - שלב 1 800 גרם,800,100 גרם
8712561485524,"וזלין - קרם ידיים עם קרטין 75 מ""ל",יוניליוור ישראל,"וזלין - קרם ידיים עם קרטין 75 מ""ל",75,"100 מ""ל"
8712561594608,"דאב - תחליב רחצה להזנה עמוקה 750 מ""ל",יוניליוור ישראל,"דאב - תחליב רחצה להזנה עמוקה 750 מ""ל",750,"100 מ""ל"
8714789572543,"פלמוליב - סבון ידיים אקווריום 500 מ""ל",COLGATE PALMOLIVE,"פלמוליב - סבון ידיים אקווריום 500 מ""ל",500,"100 מ""ל"
8714789582764,"אג'קס - ספריי לניקוי חלונות 750 מ""ל",COLGATE PALMOLIVE,"אג'קס - ספריי לניקוי חלונות 750 מ""ל",750,"100 מ""ל"
8717163655764,"רקסונה - דאודורנט ספריי לאישה שוואר פרש 150 מ""ל",יונילוור אנגליה לידס - HPC,"רקסונה - דאודורנט ספריי לאישה שוואר פרש 150 מ""ל",150,"100 מ""ל"
8717163663493,"רקסונה מן - דאודורנט ספריי לגבר קובלט 150 מ""ל",יונילוור אנגליה לידס - HPC,"רקסונה מן - דאודורנט ספריי לגבר קובלט 150 מ""ל",150,"100 מ""ל"
8717163714850,"דאב - דאודורנט ספריי לאישה קוקוס ויסמין 150 מ""ל",לא ידוע,"דאב - דאודורנט ספריי לאישה קוקוס ויסמין 150 מ""ל",150,"100 מ""ל"
8718117607662,"נוטרילון - A.R תמ""ל 900 גרם כשל""פ",לא ידוע,"נוטרילון - A.R תמ""ל 900 גרם כשל""פ",900,100 גרם
8718951579545,"מרידול - משחת שיניים לחניכיים רגישות קלאסי 75 מ""ל",COLGATE PALMOLIVE,"מרידול - משחת שיניים לחניכיים רגישות קלאסי 75 מ""ל",75,"100 מ""ל"
8718951650855,"אג'קס - ג'ל לשירותים עם אקונומיקה 3 ב-1 750 מ""ל",COLGATE PALMOLIVE,"אג'קס - ג'ל לשירותים עם אקונומיקה 3 ב-1 750 מ""ל",750,"100 מ""ל"
8718951700857,קולגייט - מברשת שיניים טוטאל פחם 2 יח',לא ידוע,קולגייט - מברשת שיניים טוטאל פחם 2 יח',2,1 יח'
8718951722507,"פלמוליב - תחליב רחצה שקדים 750 מ""ל",פלמוליב,"פלמוליב - תחליב רחצה שקדים 750 מ""ל",750,"100 מ""ל"
8718951759565,"קולגייט - משחת שיניים טוטאל הגנה פעילה אוריג'ינל 50 מ""ל",מיוצר עבור CP,"קולגייט - משחת שיניים טוטאל הגנה פעילה אוריג'ינל 50 מ""ל",50,"100 מ""ל"
8718951819917,"קולגייט - משחת שיניים לילדים 6+ הארי פוטר 50 מ""ל",COLGATE PALMOLIVE,"קולגייט - משחת שיניים לילדים 6+ הארי פוטר 50 מ""ל",50,"100 מ""ל"
8719128118734,סודה סטרים - מילוי מיכל גז CQC עד 60 ליטר,סודה סטרים,סודה סטרים - מילוי מיכל גז CQC עד 60 ליטר,1,1 יח'
8720181183782,"רקסונה - דאודורנט ספריי לאישה ביורידם 150 מ""ל",יונילוור אנגליה לידס - HPC,"רקסונה - דאודורנט ספריי לאישה ביורידם 150 מ""ל",150,"100 מ""ל"
8720181483219,"אקס - דאודורנט ספריי לגבר פרימיום לבנדר 150 מ""ל",לא ידוע,"אקס - דאודורנט ספריי לגבר פרימיום לבנדר 150 מ""ל",150,"100 מ""ל"
8720181566707,"דאב - דאודורנט ספריי לאישה פרש קר 150 מ""ל",לא ידוע,"דאב - דאודורנט ספריי לאישה פרש קר 150 מ""ל",150,"100 מ""ל"
8720181885631,"דאב - תחליב רחצה פירותי 750 מ""ל",יוניליוור ישראל,"דאב - תחליב רחצה פירותי 750 מ""ל",750,"100 מ""ל"
8720181885686,"דאב - תחליב רחצה זוהר קטיפתי 750 מ""ל",יוניליוור ישראל,"דאב - תחליב רחצה זוהר קטיפתי 750 מ""ל",750,"100 מ""ל"
8720182256362,דאב - סבון מוצק קלאסי 90 גרם * 6 יח',לא ידוע,דאב - סבון מוצק קלאסי 90 גרם * 6 יח',540,100 גרם
8720604317442,SENCE - רטיות הידרוג'ל לעיניים זוג,TOP BRANDS,SENCE - רטיות הידרוג'ל לעיניים זוג,2,1 יח'
8720604317473,"SENCE - מסיכת הידרוג'ל לשפתיים 6 מ""ל",TOP BRANDS,"SENCE - מסיכת הידרוג'ל לשפתיים 6 מ""ל",6,"100 מ""ל"
8720964893372,"SENCE - מסיכת פנים אבוקדו 20 מ""ל",TOP BRANDS,"SENCE - מסיכת פנים אבוקדו 20 מ""ל",20,"100 מ""ל"
8801055709472,נסקפה - קפוצ'ינו קלאסי 10 יח',לא ידוע,נסקפה - קפוצ'ינו קלאסי 10 יח',10,1 יח'
8809598455726,cosrx - פאצ'ים לפצעונים 24 יח',לא ידוע,cosrx - פאצ'ים לפצעונים 24 יח',24,1 יח'
8809657114960,"Beauty Of Joseon - סרום הארה 30 מ""ל",Beauty Of Joseon,"Beauty Of Joseon - סרום הארה 30 מ""ל",30,"100 מ""ל"
8809782555508,"Beauty of Joseon - קרם הגנה לפנים עם תמצית אורז 50 מ""ל SPF50",לא ידוע,"Beauty of Joseon - קרם הגנה לפנים עם תמצית אורז 50 מ""ל SPF50",50,"100 מ""ל"
8809854130138,"דירבו - סרום למיצוק העור 60 מ""ל",B LAB LTD,"דירבו - סרום למיצוק העור 60 מ""ל",60,"100 מ""ל"
8809854130145,דירבו - קרם יום רטינול וחומצה היאלורונית 50 גרם,B LAB LTD,דירבו - קרם יום רטינול וחומצה היאלורונית 50 גרם,50,100 גרם
8809854130220,"דירבו - קצף לניקוי פנים ממצק לשימוש יומיומי 150 מ""ל",B LAB LTD,"דירבו - קצף לניקוי פנים ממצק לשימוש יומיומי 150 מ""ל",150,"100 מ""ל"
8850006536346,"פלמוליב - סבון גוף ארומה לימון 750 מ""ל",פלמוליב,"פלמוליב - סבון גוף ארומה לימון 750 מ""ל",750,"100 מ""ל"
8850006955529,"פלמוליב - סבון  רחצה ארומה מסאג' 750 מ""ל",לא ידוע,"פלמוליב - סבון  רחצה ארומה מסאג' 750 מ""ל",750,"100 מ""ל"
8850389103111,"סאפה - משקה אלוורה בטעם ענבים 300 מ""ל",לא ידוע,"סאפה - משקה אלוורה בטעם ענבים 300 מ""ל",300,"100 מ""ל"
8850389104637,"סאפה - משקה אלוורה בטעם אפרסק 300 מ""ל",לא ידוע,"סאפה - משקה אלוורה בטעם אפרסק 300 מ""ל",300,"100 מ""ל"
8901030846236,דאב - תחליב רחצה גו פרש פטל וליים 1 ליטר,יוניליוור,דאב - תחליב רחצה גו פרש פטל וליים 1 ליטר,1000,"100 מ""ל"
8901030857409,דאב - תחליב רחצה סנסטיב לעור רגיש 1 ליטר,יוניליוור,דאב - תחליב רחצה סנסטיב לעור רגיש 1 ליטר,1000,"100 מ""ל"
8901030857423,דאב - תחליב רחצה פריחת הדובדבן ומלח ורוד 1 ליטר,יוניליוור,דאב - תחליב רחצה פריחת הדובדבן ומלח ורוד 1 ליטר,1000,"100 מ""ל"
8901030907845,"אקס - דאודורנט ספריי לגבר פולס דאפ 150 מ""ל",יוניליוור,"אקס - דאודורנט ספריי לגבר פולס דאפ 150 מ""ל",150,"100 מ""ל"
8901030907951,"אקס - דאודורנט ספריי לגבר אינטנס 150 מ""ל",יוניליוור,"אקס - דאודורנט ספריי לגבר אינטנס 150 מ""ל",150,"100 מ""ל"
8901314308177,קולגייט - מברשת שיניים סנסטיב אולטרה סופט 4 יח',לא ידוע,קולגייט - מברשת שיניים סנסטיב אולטרה סופט 4 יח',4,1 יח'
8901571011018,סנסודיין - מברשת שיניים סנסיטיב סופט 3 יח',לא ידוע,סנסודיין - מברשת שיניים סנסיטיב סופט 3 יח',3,1 יח'
8909106012721,"דאב - דאודורנט ספריי לאישה אורגינל אדבנס קר 150 מ""ל",לא ידוע,"דאב - דאודורנט ספריי לאישה אורגינל אדבנס קר 150 מ""ל",150,"100 מ""ל"
8913569845217,הנחת קופון ALL IN עוגייה/חטיפי חלבון חבר יולי אוגוסט 2026,לא ידוע,הנחת קופון ALL IN עוגייה/חטיפי חלבון חבר יולי אוגוסט 2026,1,1 יח'
8991111153186,"ליסטרין - מי פה קול מינט 500 מ""ל זוג",לא ידוע,"ליסטרין - מי פה קול מינט 500 מ""ל זוג",1000,"100 מ""ל"
8999002694121,אנרג'ייזר - סוללות אלקליין AAA רביעייה,לא ידוע,אנרג'ייזר - סוללות אלקליין AAA רביעייה,4,1 יח'
8999002694237,אנרג'ייזר - סוללות אלקליין AA רביעייה,לא ידוע,אנרג'ייזר - סוללות אלקליין AA רביעייה,4,1 יח'
9000100590938,"סאיוס - מוס לשיער ליצירת נפח 250 מ""ל",לא ידוע,"סאיוס - מוס לשיער ליצירת נפח 250 מ""ל",250,"100 מ""ל"
9000101509151,ברף - בריליאנט ג'ל אוקיינוס צפוני 3 יח',לא ידוע,ברף - בריליאנט ג'ל אוקיינוס צפוני 3 יח',3,1 יח'
9000101589085,ברף - כדוריות אסלה ויטליטי 3 יח',לא ידוע,ברף - כדוריות אסלה ויטליטי 3 יח',3,1 יח'
9319871002466,"וויט גלו - משחת שיניים פחם ניקיון עמוק 75 מ""ל",BARROS,"וויט גלו - משחת שיניים פחם ניקיון עמוק 75 מ""ל",75,"100 מ""ל"
